Combo,SKU1,SKU2,SKU3,SKU4,SKU5,SKU6,SKU7,SKU8,SKU9 ,SKU10,SKU11,SKU12,SKU13,SKU14,Status,
CSTE_0341_Wands_Hermoine_Sunglasas,CSTE_0291_OT_Hermoine_wand,CSTE_0319_SG_HarryPotter_Round,,,,,,,,,,,,,Combo,
CSTE_0359_Wands_Hermoine_light_Sg,CSTE_0331_Wands_Hermoine_Light,CSTE_0319_SG_HarryPotter_Round,,,,,,,,,,,,,Combo,
CSTE_0354_Wands_Hermoine_light_MB,CSTE_0331_Wands_Hermoine_Light,CSTE_0020_MB_HP_Black,,,,,,,,,,,,,Combo,
CSTE_0335_Wands_Hermoine_MusicBox,CSTE_0291_OT_Hermoine_wand,CSTE_0020_MB_HP_Black,,,,,,,,,,,,,Combo,
CSTE_0358_Wands_Dumbledore_light_Sg,CSTE_0333_Wands_Dumbledore_Light,CSTE_0319_SG_HarryPotter_Round,,,,,,,,,,,,,Combo,
CSTE_0342_Wands_Dumbledore_Sunglasas,CSTE_0292_OT_Dumbledore_wand,CSTE_0319_SG_HarryPotter_Round,,,,,,,,,,,,,Combo,
CSTE_0353_Wands_DumbleD_light_MB,CSTE_0333_Wands_Dumbledore_Light,CSTE_0020_MB_HP_Black,,,,,,,,,,,,,Combo,
CSTE_0355_Wands_HP_light_Sg,CSTE_0330_Wands_Harrypotter_Light,CSTE_0319_SG_HarryPotter_Round,,,,,,,,,,,,,Combo,
CSTE_0340_Wands_Harrypotter_Sunglasas,CSTE_0294_OT_Harrypotter_new_wand,CSTE_0319_SG_HarryPotter_Round,,,,,,,,,,,,,Combo,
CSTE_0350_Wands_Harrypotter_light_MB,CSTE_0330_Wands_Harrypotter_Light,CSTE_0020_MB_HP_Black,,,,,,,,,,,,,Combo,
CSTE_0357_Wands_Voldemort_Light_Sg,CSTE_0332_Wands_LordVoldmort_Light,CSTE_0319_SG_HarryPotter_Round,,,,,,,,,,,,,Combo,
CSTE_0352_Wands_Voldemort_Light_MB,CSTE_0332_Wands_LordVoldmort_Light,CSTE_0020_MB_HP_Black,,,,,,,,,,,,,Combo,
CSTE_0345_Wands_Snape_Sunglasas,CSTE_0295_OT_Snape_wand,CSTE_0319_SG_HarryPotter_Round,,,,,,,,,,,,,Combo,
Minecraft_Small_Sword_Steve,CSTE_0470_ST_Minecraft_Sword_Small,CSTE_0418_ST_MineCraft_Steve,,,,,,,,,,,,,Combo,
ST-BTS-cooky-tata-FBA,CSTE_0007_ST_Bts_Pillow_Cooky,CSTE_0002_ST_Bts_Pillow_Tata,,,,,,,,,,,,,Combo,
ST-BTS-Cooky-RJ-FBA,CSTE_0007_ST_Bts_Pillow_Cooky,CSTE_0008_ST_Bts_Pillow_Rj,,,,,,,,,,,,,Combo,
ST-BTS-cooky-koya-rj-tata-FBA,CSTE_0007_ST_Bts_Pillow_Cooky,CSTE_0008_ST_Bts_Pillow_Rj,CSTE_0002_ST_Bts_Pillow_Tata,CSTE_0003_ST_Bts_Pillow_Koya,,,,,,,,,,,Combo,
ST-BTS-chimmy-cooky-koya-tata-FBA,CSTE_0007_ST_Bts_Pillow_Cooky,CSTE_0002_ST_Bts_Pillow_Tata,CSTE_0003_ST_Bts_Pillow_Koya,CSTE_0001_ST_Bts_Pillow_Chimmy,,,,,,,,,,,Combo,
ST-BTS-chimmy-van-FBA,CSTE_0001_ST_Bts_Pillow_Chimmy,CSTE_0006_ST_Bts_Pillow_Van,,,,,,,,,,,,,Combo,
ST-BTS-Chimmy-RJ-FBA,CSTE_0001_ST_Bts_Pillow_Chimmy,CSTE_0008_ST_Bts_Pillow_Rj,,,,,,,,,,,,,Combo,
ST-BTS-rj-shooky-FBA,CSTE_0008_ST_Bts_Pillow_Rj,CSTE_0005_ST_Bts_Pillow_Shooky,,,,,,,,,,,,,Combo,
ST-BTS-Koya-tata-FBA,CSTE_0003_ST_Bts_Pillow_Koya,CSTE_0002_ST_Bts_Pillow_Tata,,,,,,,,,,,,,Combo,
steve_zombie,CSTE_0418_ST_MineCraft_Steve,CSTE_0420_ST_MineCraft_Zombie,,,,,,,,,,,,,Combo,
steve_creeper,CSTE_0418_ST_MineCraft_Steve,CSTE_0419_ST_MineCraft_Creeper,,,,,,,,,,,,,Combo,
steve_lama,CSTE_0418_ST_MineCraft_Steve,CSTE_0437_ST_Minecraft_Lama_Brown,,,,,,,,,,,,,Combo,
ST-BTS-RJ-tata-FBA,CSTE_0008_ST_Bts_Pillow_Rj,CSTE_0002_ST_Bts_Pillow_Tata,,,,,,,,,,,,,Combo,
ST-BTS-shooky-tata-FBA,CSTE_0005_ST_Bts_Pillow_Shooky,CSTE_0002_ST_Bts_Pillow_Tata,,,,,,,,,,,,,Combo,
ST-BTS-cooky-Chimmy-FBA,CSTE_0007_ST_Bts_Pillow_Cooky,CSTE_0001_ST_Bts_Pillow_Chimmy,,,,,,,,,,,,,Combo,
ST-BTS-KOYA-Cooky-FBA,CSTE_0003_ST_Bts_Pillow_Koya,CSTE_0007_ST_Bts_Pillow_Cooky,,,,,,,,,,,,,Combo,
ST-BTS-koya-rj-shooky-cooky-FBA,CSTE_0003_ST_Bts_Pillow_Koya,CSTE_0008_ST_Bts_Pillow_Rj,CSTE_0005_ST_Bts_Pillow_Shooky,CSTE_0007_ST_Bts_Pillow_Cooky,,,,,,,,,,,Combo,
ST-BTS-cooky-van-FBA,CSTE_0007_ST_Bts_Pillow_Cooky,CSTE_0006_ST_Bts_Pillow_Van,,,,,,,,,,,,,Combo,
ST-BTS-koya-rj-shooky-chimmy-FBA,CSTE_0003_ST_Bts_Pillow_Koya,CSTE_0008_ST_Bts_Pillow_Rj,CSTE_0005_ST_Bts_Pillow_Shooky,CSTE_0001_ST_Bts_Pillow_Chimmy,,,,,,,,,,,Combo,
ST-BTS-koya-rj-shooky-tata-FBA,CSTE_0003_ST_Bts_Pillow_Koya,CSTE_0008_ST_Bts_Pillow_Rj,CSTE_0005_ST_Bts_Pillow_Shooky,CSTE_0002_ST_Bts_Pillow_Tata,,,,,,,,,,,Combo,
ST-BTS-cooky-shooky-FBA,CSTE_0007_ST_Bts_Pillow_Cooky,CSTE_0005_ST_Bts_Pillow_Shooky,,,,,,,,,,,,,Combo,
ST-BTS-chimmy-cooky-koya-Shooky,CSTE_0001_ST_Bts_Pillow_Chimmy,CSTE_0007_ST_Bts_Pillow_Cooky,CSTE_0003_ST_Bts_Pillow_Koya,CSTE_0005_ST_Bts_Pillow_Shooky,,,,,,,,,,,Combo,
ST-BTS-shooky-van-FBA,CSTE_0005_ST_Bts_Pillow_Shooky,CSTE_0006_ST_Bts_Pillow_Van,,,,,,,,,,,,,Combo,
ST-BTS-Koya-van-FBA,CSTE_0003_ST_Bts_Pillow_Koya,CSTE_0006_ST_Bts_Pillow_Van,,,,,,,,,,,,,Combo,
ST-BTS-shooky-tata-chimmy-cooky,CSTE_0005_ST_Bts_Pillow_Shooky,CSTE_0002_ST_Bts_Pillow_Tata,CSTE_0001_ST_Bts_Pillow_Chimmy,CSTE_0007_ST_Bts_Pillow_Cooky,,,,,,,,,,,Combo,
ST-BTS-Chimmy-Shooky-FBA,CSTE_0001_ST_Bts_Pillow_Chimmy,CSTE_0007_ST_Bts_Pillow_Cooky,,,,,,,,,,,,,Combo,
ST-BTS-Koya-Shooky-FBA,CSTE_0003_ST_Bts_Pillow_Koya,CSTE_0005_ST_Bts_Pillow_Shooky,,,,,,,,,,,,,Combo,
ST-BTS-van-tata-FBA,CSTE_0006_ST_Bts_Pillow_Van,CSTE_0002_ST_Bts_Pillow_Tata,,,,,,,,,,,,,Combo,
ST-BTS-chimmy-tata-FBA,CSTE_0001_ST_Bts_Pillow_Chimmy,CSTE_0002_ST_Bts_Pillow_Tata,,,,,,,,,,,,,Combo,
ST-BTS-Koya-Chimmy-FBA,CSTE_0003_ST_Bts_Pillow_Koya,CSTE_0001_ST_Bts_Pillow_Chimmy,,,,,,,,,,,,,Combo,
BTS-Mang-Chimmy,CSTE_0004_ST_Bts_Pillow_Mang,CSTE_0001_ST_Bts_Pillow_Chimmy,,,,,,,,,,,,,Combo,
ST-BTS-chimmy-cooky-koya-rj-FBA,CSTE_0001_ST_Bts_Pillow_Chimmy,CSTE_0007_ST_Bts_Pillow_Cooky,CSTE_0003_ST_Bts_Pillow_Koya,CSTE_0008_ST_Bts_Pillow_Rj,,,,,,,,,,,Combo,
ST-BTS-koya-rj-FBA,CSTE_0003_ST_Bts_Pillow_Koya,CSTE_0008_ST_Bts_Pillow_Rj,,,,,,,,,,,,,Combo,
CSTE_0290_OT_Harrypotter_wand,CSTE_0294_OT_Harrypotter_new_wand,CSTE_0020_MB_HP_Black,,,,,,,,,,,,,Combo,
Harrypotter_wand,CSTE_0294_OT_Harrypotter_new_wand,CSTE_0020_MB_HP_Black,,,,,,,,,,,,,Combo,
WB-IEVN-6335,CSTE_0293_OT_Voldemort_wand,CSTE_0020_MB_HP_Black,,,,,,,,,,,,,Combo,
CSTE_0343_Wands_Lord Voldmort_Sunglasas,CSTE_0293_OT_Voldemort_wand,CSTE_0319_SG_HarryPotter_Round,,,,,,,,,,,,,Combo,
CSTE_0350_Wands_Hp_light_MB,CSTE_0330_Wands_Harrypotter_Light,CSTE_0020_MB_HP_Black,,,,,,,,,,,,,Combo,
CSTE_0351_Wands_snape_Light_MB,CSTE_0380_Wands_Snape_Light,CSTE_0020_MB_HP_Black,,,,,,,,,,,,,Combo,
CSTE_0356_Wands_snape_Light_Sg,CSTE_0380_Wands_Snape_Light,CSTE_0319_SG_HarryPotter_Round,,,,,,,,,,,,,Combo,
Hermoine_light_SG,CSTE_0331_Wands_Hermoine_Light,CSTE_0319_SG_HarryPotter_Round,,,,,,,,,,,,,Combo,
Baby Swaddle_UPD_Pink_Combo,CSTE_0364_Swaddle_Unicorn_Print,CSTE_O0306_OT_UnicornPlantableDiary_Pink,,,,,,,,,,,,,Combo,
Baby Swaddle_UPD_Black_Combo,CSTE_0364_Swaddle_Unicorn_Print,CSTE_O0307_OT_UnicornPlantableDiary_Black,,,,,,,,,,,,,Combo,
ST-BTS-RJ-van-FBA,CSTE_0008_ST_Bts_Pillow_Rj,CSTE_0006_ST_Bts_Pillow_Van,,,,,,,,,,,,,Combo,
ST-BTS-chimmy-cooky-koya-van-FBA,CSTE_0001_ST_Bts_Pillow_Chimmy,CSTE_0007_ST_Bts_Pillow_Cooky,CSTE_0003_ST_Bts_Pillow_Koya,CSTE_0006_ST_Bts_Pillow_Van,,,,,,,,,,,Combo,
ST-BTS-koya-rj-shooky-van-FBA,CSTE_0003_ST_Bts_Pillow_Koya,CSTE_0008_ST_Bts_Pillow_Rj,CSTE_0005_ST_Bts_Pillow_Shooky,CSTE_0006_ST_Bts_Pillow_Van,,,,,,,,,,,Combo,
ST-BTS-van-chimmy-cooky-koya-FBA,CSTE_0006_ST_Bts_Pillow_Van,CSTE_0001_ST_Bts_Pillow_Chimmy,CSTE_0007_ST_Bts_Pillow_Cooky,CSTE_0003_ST_Bts_Pillow_Koya,,,,,,,,,,,Combo,
ST-bts-throw-Army,CSTE_0001_ST_Bts_Pillow_Chimmy,CSTE_0002_ST_Bts_Pillow_Tata,CSTE_0003_ST_Bts_Pillow_Koya,CSTE_0004_ST_Bts_Pillow_Mang,CSTE_0005_ST_Bts_Pillow_Shooky,CSTE_0006_ST_Bts_Pillow_Van,CSTE_0007_ST_Bts_Pillow_Cooky,CSTE_0008_ST_Bts_Pillow_Rj,,,,,,,Combo,
ST-BTS-rj-shooky-van-tata-FBA,CSTE_0008_ST_Bts_Pillow_Rj,CSTE_0005_ST_Bts_Pillow_Shooky,CSTE_0006_ST_Bts_Pillow_Van,CSTE_0002_ST_Bts_Pillow_Tata,,,,,,,,,,,Combo,
BTS-mang-RJ,CSTE_0004_ST_Bts_Pillow_Mang,CSTE_0008_ST_Bts_Pillow_Rj,,,,,,,,,,,,,Combo,
zombie_creeper,CSTE_0420_ST_MineCraft_Zombie,CSTE_0419_ST_MineCraft_Creeper,,,,,,,,,,,,,Combo,
Lama_Creeper_Combo,CSTE_0437_ST_Minecraft_Lama_Brown,CSTE_0419_ST_MineCraft_Creeper,,,,,,,,,,,,,Combo,
Lama_Ghast_Combo,CSTE_0437_ST_Minecraft_Lama_Brown,CSTE_0421_ST_MineCraft_Ghost,,,,,,,,,,,,,Combo,
MB_COMBO_HBDBROWN_UAREMYSUNSHINE,CSTE_0014_MB_HBD_Brown,CSTE_0060_MB_YouAreMySunshine_Brown,,,,,,,,,,,,,Combo,
MB_COMBO_HBDBLACK_MH,CSTE_0015_MB_HBD_Black,CSTE_0194_MB_MH3Joker_Brown,,,,,,,,,,,,,Combo,
MB_COMBO_HBDBLK_SUNSHINE,CSTE_0015_MB_HBD_Black,CSTE_0060_MB_YouAreMySunshine_Brown,,,,,,,,,,,,,Combo,
MB_COMBO_HPGREEN_HBDPINK,CSTE_0018_MB_HP_Green,CSTE_0016_MB_HBD_Pink,,,,,,,,,,,,,Combo,
MB_COMBO_HPGREEN_HBDRED,CSTE_0018_MB_HP_Green,CSTE_0013_MB_HBD_Red,,,,,,,,,,,,,Combo,
MB_COMBO_HPGREEN_HBDWHITE,CSTE_0018_MB_HP_Green,CSTE_0036_MB_HBD_White,,,,,,,,,,,,,Combo,
MB_COMBO_HPGREEN_LETITGO,CSTE_0018_MB_HP_Green,CSTE_0047_MB_LetItGo_Brown,,,,,,,,,,,,,Combo,
MB_COMBO_HPGREEN_MH2,CSTE_0018_MB_HP_Green,CSTE_0192_MB_MHA3_Black,,,,,,,,,,,,,Combo,
MB_COMBO_HPGREEN_MH3,CSTE_0018_MB_HP_Green,CSTE_0193_MB_MHA6_Black,,,,,,,,,,,,,Combo,
MB_COMBO_HPGREEN_MHBLACK,CSTE_0018_MB_HP_Green,CSTE_0196_MB_MHA2_Black,,,,,,,,,,,,,Combo,
MB_COMBO_HPBLACK_HBDBROWN,CSTE_0020_MB_HP_Black,CSTE_0014_MB_HBD_Brown,,,,,,,,,,,,,Combo,
MB_COMBO_HBDPINK_BEATLES,CSTE_0016_MB_HBD_Pink,CSTE_0022_MB_Beatles_Brown,,,,,,,,,,,,,Combo,
MB_COMBO_BB_GOT_Black,CSTE_0023_MB_BeautyandBeast_Black,CSTE_0030_MB_Got_Black,,,,,,,,,,,,,Combo,
MB_COMBO_BB_HBD_Brown,CSTE_0023_MB_BeautyandBeast_Black,CSTE_0014_MB_HBD_Brown,,,,,,,,,,,,,Combo,
MB_COMBO_BB_Money3Joker,CSTE_0023_MB_BeautyandBeast_Black,CSTE_0194_MB_MH3Joker_Brown,,,,,,,,,,,,,Combo,
MB_COMBO_BB_MoneyHeist3,CSTE_0023_MB_BeautyandBeast_Black,CSTE_0196_MB_MHA2_Black,,,,,,,,,,,,,Combo,
MB_COMBO_BB_MoneyHeist7,CSTE_0023_MB_BeautyandBeast_Black,CSTE_0192_MB_MHA3_Black,,,,,,,,,,,,,Combo,
MB_COMBO_BB_MoneyHeist8,CSTE_0023_MB_BeautyandBeast_Black,CSTE_0200_MB_MHLasaCasaDePapel_Brown,,,,,,,,,,,,,Combo,
MB_COMBO_BB_Pirate,CSTE_0023_MB_BeautyandBeast_Black,CSTE_0053_MB_PiratesofCarribean_Brown,,,,,,,,,,,,,Combo,
MB_COMBO_WINTERBROWN_BEAUTYBEST,CSTE_0030_MB_Got_Black,CSTE_0024_MB_BeautyandBeast_Brown,,,,,,,,,,,,,Combo,
MK11AF MB_COMBO_BB_DBALL,CSTE_0023_MB_BeautyandBeast_Black,CSTE_0070_MB_DragonBallZ_Red,,,,,,,,,,,,,Combo,
MB_COMBO_FRIEND_CASTLEINTHESKY,CSTE_0028_MB_Friends_NewBrown,CSTE_0026_MB_Castle_Unicorn,,,,,,,,,,,,,Combo,
MB_COMBO_FRIENDS_STARWARS,CSTE_0028_MB_Friends_NewBrown,CSTE_0056_MB_Starwar_Blue,,,,,,,,,,,,,Combo,
MB_COMBO_BB_HP_White,CSTE_0023_MB_BeautyandBeast_Black,CSTE_0039_MB_HP_White,,,,,,,,,,,,,Combo,
MB_COMBO_HBDBROWN-HPWHITE,CSTE_0014_MB_HBD_Brown,CSTE_0039_MB_HP_White,,,,,,,,,,,,,Combo,
MB_COMBO_LALALAND_GODFATHER,CSTE_0043_MB_Lalaland_Brown,CSTE_0033_MB_GodFather_Brown,,,,,,,,,,,,,Combo,
MB_COMBO_LALALAND_LETITGO,CSTE_0043_MB_Lalaland_Brown,CSTE_0047_MB_LetItGo_Brown,,,,,,,,,,,,,Combo,
MB_COMBO_LALALAND_PP,CSTE_0043_MB_Lalaland_Brown,CSTE_0050_MB_PinkPanther_Brown,,,,,,,,,,,,,Combo,
MB_COMBO_LALALAND_THEBEATLES,CSTE_0043_MB_Lalaland_Brown,CSTE_0022_MB_Beatles_Brown,,,,,,,,,,,,,Combo,
MB_COMBO_LALALAND_URMYSUNSHINE,CSTE_0043_MB_Lalaland_Brown,CSTE_0060_MB_YouAreMySunshine_Brown,,,,,,,,,,,,,Combo,
MB_COMBO_HBDBLACK_LETITGO,CSTE_0015_MB_HBD_Black,CSTE_0047_MB_LetItGo_Brown,,,,,,,,,,,,,Combo,
MB_COMBO_TWINKLE_HBDPPINK,CSTE_0048_MB_LittleStar_Brown,CSTE_0016_MB_HBD_Pink,,,,,,,,,,,,,Combo,
MB_COMBO_TWINKLE_PINKPANTHER,CSTE_0048_MB_LittleStar_Brown,CSTE_0050_MB_PinkPanther_Brown,,,,,,,,,,,,,Combo,
MB_COMBO_BB_StarWarsBlue,CSTE_0023_MB_BeautyandBeast_Black,CSTE_0056_MB_Starwar_Blue,,,,,,,,,,,,,Combo,
MB_COMBO_BB_StarWarsBrown,CSTE_0023_MB_BeautyandBeast_Black,CSTE_0055_MB_Starwar_Brown,,,,,,,,,,,,,Combo,
MB_COMBO_HBDBROWN_STARWAERBLACK,CSTE_0014_MB_HBD_Brown,CSTE_0054_MB_Starwar_Black,,,,,,,,,,,,,Combo,
FUSKED-COMBO-REVERSIBLEOCTOPUSTOYS-6,CSTE_0115_ST_Rev_Oct_BlueOrange,CSTE_0115_ST_Rev_Oct_BlueOrange,,,,,,,,,,,,,Combo,
FUSKED-COMBO-REVERSIBLE OCTOPUS-14,CSTE_0122_ST_Rev_Oct_RedYellow,CSTE_0120_ST_Rev_Oct_PurpleGreen,,,,,,,,,,,,,Combo,
17*17_PillowCover_Combo,CSTE_0237_HD_PillowCover_Brown,,,,,,,,,,,,,,,
Brush_makeup_Blue,CSTE_O0102_OT_ToothBrushKit,,,,,,,,,,,,,,,
"Rudrav_RJ & Tata Plush Pillow, Animal Stuffed Toys Throw Pillow",CSTE_0002_ST_Bts_Pillow_Tata,CSTE_0008_ST_Bts_Pillow_Rj,,,,,,,,,,,,,Combo,
"FUSKED Chimmy & Cooky Plush Pillow, Animal Stuffed Toy",CSTE_0001_ST_Bts_Pillow_Chimmy,CSTE_0007_ST_Bts_Pillow_Cooky,,,,,,,,,,,,,Combo,
"Rudrav_Chimmy & Cooky Plush Pillow, Animal Stuffed Toys",CSTE_0001_ST_Bts_Pillow_Chimmy,CSTE_0007_ST_Bts_Pillow_Cooky,,,,,,,,,,,,,Combo,
"FUSKED Cooky & Tata Plush Pillow, Animal Stuffed Toys Throw",CSTE_0007_ST_Bts_Pillow_Cooky,CSTE_0002_ST_Bts_Pillow_Tata,,,,,,,,,,,,,Combo,
Harrypotter_wands_musicbox,CSTE_0294_OT_Harrypotter_new_wand,CSTE_0020_MB_HP_Black,,,,,,,,,,,,,Combo,
wands_harryPotter_musicbox,CSTE_0294_OT_Harrypotter_new_wand,CSTE_0020_MB_HP_Black,,,,,,,,,,,,,Combo,
hermoine_wand_musicbox,CSTE_0291_OT_Hermoine_wand,CSTE_0020_MB_HP_Black,,,,,,,,,,,,,Combo,
wands_hermoine_musicbox,CSTE_0291_OT_Hermoine_wand,CSTE_0020_MB_HP_Black,,,,,,,,,,,,,Combo,
Dumbledore_wand_musicbox,CSTE_0292_OT_Dumbledore_wand,CSTE_0020_MB_HP_Black,,,,,,,,,,,,,Combo,
wands_Dumbledore_Musicbox,CSTE_0292_OT_Dumbledore_wand,CSTE_0020_MB_HP_Black,,,,,,,,,,,,,Combo,
LordVoldmort_wand_musicbox,CSTE_0293_OT_Voldemort_wand,CSTE_0020_MB_HP_Black,,,,,,,,,,,,,Combo,
voldmort_wand_musicbox,CSTE_0293_OT_Voldemort_wand,CSTE_0020_MB_HP_Black,,,,,,,,,,,,,Combo,
new_harrypotter_wand_musicbox,CSTE_0294_OT_Harrypotter_new_wand,CSTE_0020_MB_HP_Black,,,,,,,,,,,,,Combo,
wand_new_harrypotter_musicbox,CSTE_0294_OT_Harrypotter_new_wand,CSTE_0020_MB_HP_Black,,,,,,,,,,,,,Combo,
harrypotter_sunglass_wand,CSTE_0294_OT_Harrypotter_new_wand,CSTE_0319_SG_HarryPotter_Round,,,,,,,,,,,,,Combo,
Wands_HarryPotter_Sunglass,CSTE_0294_OT_Harrypotter_new_wand,CSTE_0319_SG_HarryPotter_Round,,,,,,,,,,,,,Combo,
hermoine_sunglass_wand,CSTE_0291_OT_Hermoine_wand,CSTE_0319_SG_HarryPotter_Round,,,,,,,,,,,,,Combo,
Wands_hermoine_sunglass,CSTE_0291_OT_Hermoine_wand,CSTE_0319_SG_HarryPotter_Round,,,,,,,,,,,,,Combo,
Dumbledore_sunglass_wand,CSTE_0292_OT_Dumbledore_wand,CSTE_0319_SG_HarryPotter_Round,,,,,,,,,,,,,Combo,
Wands_Dumbledore_Sunglasas,CSTE_0292_OT_Dumbledore_wand,CSTE_0319_SG_HarryPotter_Round,,,,,,,,,,,,,Combo,
Wands_Lord Voldmort_Sunglasas,CSTE_0293_OT_Voldemort_wand,CSTE_0319_SG_HarryPotter_Round,,,,,,,,,,,,,Combo,
Voldmort_sunglass_wand,CSTE_0293_OT_Voldemort_wand,CSTE_0319_SG_HarryPotter_Round,,,,,,,,,,,,,Combo,
Snape_Sunglass_wand,CSTE_0295_OT_Snape_wand,CSTE_0319_SG_HarryPotter_Round,,,,,,,,,,,,,Combo,
Wands_Snape_Sunglass,CSTE_0295_OT_Snape_wand,CSTE_0319_SG_HarryPotter_Round,,,,,,,,,,,,,Combo,
"RUDRAV_RJ, Shooky, Van & Tata Plush Pillow, Animal Stuffed Toys",CSTE_0008_ST_Bts_Pillow_Rj,CSTE_0005_ST_Bts_Pillow_Shooky,CSTE_0006_ST_Bts_Pillow_Van,CSTE_0002_ST_Bts_Pillow_Tata,,,,,,,,,,,Combo,
CSTE_0407_OT_HP_Scarf_SG,CSTE_0407_OT_HP_Scarf_SG,,,,,,,,,,,,,,Combo,
CSTE_0407_OT_HP_Scarf_SG,CSTE_0407_OT_HP_Scarf_SG,,,,,,,,,,,,,,Combo,
CSTE_Combo_Melody_Kuromi,CSTE_0483_ST_Animal_Kitty_MyMelody_Pink,CSTE_0482_ST_Animal_Kitty_Kuromi_Black,,,,,,,,,,,,,Combo,
HOC_A9_MB_MH,CSTE_0200_MB_MHLasaCasaDePapel_Brown,,,,,,,,,,,,,,,
HOC_Bella_Ciao_MH_Black,CSTE_0207_MB_BellaCiao_Black,,,,,,,,,,,,,,,
HOC_birthdaytunered01,CSTE_0013_MB_HBD_Red,,,,,,,,,,,,,,,
HOC_Brown-La-Vie-Rose-Brown,CSTE_0045_MB_LavienRose_Brown,,,,,,,,,,,,,,,
HOC_Caribbean-Pirates,CSTE_0053_MB_PiratesofCarribean_Brown,,,,,,,,,,,,,,,
HOC_CSTE_0073_MB_ILoveToTheMoon_Black,CSTE_0073_MB_ILoveToTheMoon_Black,,,,,,,,,,,,,,,
HOC_FK- MUSIC BOX -HAPPY BIRTHDAY FOR SPECIAL ONES- PINK,CSTE_0016_MB_HBD_Pink,,,,,,,,,,,,,,,
HOC_Four-Head-Brown-Beatles,CSTE_0022_MB_Beatles_Brown,,,,,,,,,,,,,,,
HOC_Happy_birthday_white,CSTE_0036_MB_HBD_White,,,,,,,,,,,,,,,
HOC_hbd_black_mb,CSTE_0015_MB_HBD_Black,,,,,,,,,,,,,,,
HOC_MB_Queen_Black,CSTE_0088_MB_Queen_Black,,,,,,,,,,,,,,,
HOC_MH A14 Brown MB,CSTE_0200_MB_MHLasaCasaDePapel_Brown,,,,,,,,,,,,,,,
HOC_MH_A5_BLACK MB,CSTE_0207_MB_BellaCiao_Black,,,,,,,,,,,,,,,
HOC_MH_Mask_Brown,CSTE_0195_MB_MHA13_Brown,,,,,,,,,,,,,,,
HOC_MHAll_Black_MB,CSTE_0197_MB_MHAll_Black,,,,,,,,,,,,,,,
HOC_moneyhiestA15,CSTE_0204_MB_MHA12_Brown,,,,,,,,,,,,,,,
HOC_MusicBox_Queen,CSTE_0082_MB_Queen_Brown,,,,,,,,,,,,,,,
HOC_Pirate_DavyJones_mb,CSTE_0260_MB_Pirate_DavyJones,,,,,,,,,,,,,,,
HOC_Pirates of The Caribbean_BLACK,CSTE_0052_MB_PiratesofCarribean_Black,,,,,,,,,,,,,,,
HOC_Simpsons_Music_Box_Brown,CSTE_0083_MB_Simpsons_Brown,,,,,,,,,,,,,,,
HOC_TO MY WIFE WITH PHOTO_BROWN,CSTE_0058_MB_ToMyWife_BrownWithPhoto,,,,,,,,,,,,,,,
HOC_Tree_MB_MerryChristmas,CSTE_0348_MB_MerryChristmas_TreeRed,,,,,,,,,,,,,,,
HOC_YOU ARE MY SUNSHINE_BLACK,CSTE_0059_MB_YouAreMySunshine_Black,,,,,,,,,,,,,,,
12,,,,,,,,,,,,,,,,
2054025,,,,,,,,,,,,,,,,
12378542,,,,,,,,,,,,,,,"Combo,Paused",
14596357,,,,,,,,,,,,,,,"Combo,Paused",
15694321,CSTE_O0431_OT_Soft_Keychain_Shooky,,,,,,,,,,,,,,block,
23654985,CSTE_O0436_OT_Dinasour_Soft_toy,CSTE_O0047_OT_DinasourPencilSet,,,,,,,,,,,,,"Combo,Paused",
24578701,,,,,,,,,,,,,,,paused,
24651288,,,,,,,,,,,,,,,paused,
25476592,,,,,,,,,,,,,,,Paused,
Owl_Keyholder_Purple,CSTE_O0401_OT_KeyHolder_WinkCat_Purple,,,,,,,,,,,,,,,
Lilo_Stitch_Breathing_Stitch,CSTE_0460_ST_Animal_Stitch_Lina_Bear,CSTE_0488_ST_Animal_Breathing_Stitch_Blue,,,,,,,,,,,,,Combo,
Maru_Bear_Love_a_Lot_Bear,CSTE_0458_ST_Animal_Love_Lot_Bear,CSTE_0456_ST_Animal_Maru_Bear,,,,,,,,,,,,,Combo,
Battlegame,CSTE_0378_OT_BattleGame_Toy,,,,,,,,,,,,,,,
CJ_Makeup_Org_Black_Brushes,CSTE_O0376_OT_Makeup_Brushes_Set,CSTE_0314_Organizer_Makeup_Black,,,,,,,,,,,,,Combo,
28547595,,,,,,,,,,,,,,,paused,
30124562,,,,,,,,,,,,,,,combo paused,
Duck_Keychain_Flower_Duck,CSTE_0519_ST_Animal_Sitting_Duck_Flower,CSTE_0509_ST_Animal_Duck_Soft_Keychain,,,,,,,,,,,,,Combo,
Dumbledore_Stand,CSTE_0292_OT_Dumbledore_wand,CSTE_0408_Wands_Stand_Metal,,,,,,,,,,,,,Combo,
30258741,,,,,,,,,,,,,,,,
30548764,CSTE_0118_ST_Rev_Oct_DarkBluePink,,,,,,,,,,,,,,block,
31021652,,,,,,,,,,,,,,,paused,
32056420,CSTE_0007_ST_Bts_Pillow_Cooky,,,,,,,,,,,,,,block,
32165478,,,,,,,,,,,,,,,paused,
Harry_stand,CSTE_0294_OT_Harrypotter_new_wand,CSTE_0408_Wands_Stand_Metal,,,,,,,,,,,,,Combo,
Hermoine_stand,CSTE_0291_OT_Hermoine_wand,CSTE_0408_Wands_Stand_Metal,,,,,,,,,,,,,Combo,
32541025,,,,,,,,,,,,,,,combo paused,
Kuromi_My Melody,CSTE_0482_ST_Animal_Kitty_Kuromi_Black,CSTE_0483_ST_Animal_Kitty_MyMelody_Pink,,,,,,,,,,,,,Combo,
CSTE_0523_ST_Animal_Bow_Sheep,CSTE_0523_ST_Animal_Bow_Sheep_White_Brown,,,,,,,,,,,,,,,
Messanger_Cat_Combo,CSTE_O0001_OT_TeddyFaceCat_Brown,CSTE_O0003_OT_TeddyFaceCat_Blue,,,,,,,,,,,,,Combo,
Messenger_Cat_UPD_Pink,CSTE_O0001_OT_TeddyFaceCat_Brown,CSTE_O0306_OT_UnicornPlantableDiary_Pink,,,,,,,,,,,,,Combo,
harry_musicbox_wand_new,CSTE_0294_OT_Harrypotter_new_wand,CSTE_0020_MB_HP_Black,,,,,,,,,,,,,Combo,
musicbox_harry_wand,CSTE_0294_OT_Harrypotter_new_wand,CSTE_0020_MB_HP_Black,,,,,,,,,,,,,Combo,
wand_harrypotter_musicbox,CSTE_0294_OT_Harrypotter_new_wand,CSTE_0020_MB_HP_Black,,,,,,,,,,,,,Combo,
musicbox_volmort_wand,CSTE_0293_OT_Voldemort_wand,CSTE_0020_MB_HP_Black,,,,,,,,,,,,,Combo,
wand_volmort_musicbox,CSTE_0293_OT_Voldemort_wand,CSTE_0020_MB_HP_Black,,,,,,,,,,,,,Combo,
harry_potter_newwand_music,CSTE_0294_OT_Harrypotter_new_wand,CSTE_0020_MB_HP_Black,,,,,,,,,,,,,Combo,
newwand_harry_musicbox,CSTE_0294_OT_Harrypotter_new_wand,CSTE_0020_MB_HP_Black,,,,,,,,,,,,,Combo,
wand_music_box_harry_new,CSTE_0294_OT_Harrypotter_new_wand,CSTE_0020_MB_HP_Black,,,,,,,,,,,,,Combo,
harrypotter_sunglasses_wand,CSTE_0294_OT_Harrypotter_new_wand,CSTE_0319_SG_HarryPotter_Round,,,,,,,,,,,,,Combo,
sunglasses_wand_harrypotter,CSTE_0294_OT_Harrypotter_new_wand,CSTE_0319_SG_HarryPotter_Round,,,,,,,,,,,,,Combo,
harry_potter_sunglasses,CSTE_0294_OT_Harrypotter_new_wand,CSTE_0319_SG_HarryPotter_Round,,,,,,,,,,,,,Combo,
sunglasses_harry_potter,CSTE_0294_OT_Harrypotter_new_wand,CSTE_0319_SG_HarryPotter_Round,,,,,,,,,,,,,Combo,
potter_hermoine_sunglasses,CSTE_0291_OT_Hermoine_wand,CSTE_0319_SG_HarryPotter_Round,,,,,,,,,,,,,Combo,
sunglasses_harry_hermoine,CSTE_0291_OT_Hermoine_wand,CSTE_0319_SG_HarryPotter_Round,,,,,,,,,,,,,Combo,
dumbledore_sunglasses_wand,CSTE_0292_OT_Dumbledore_wand,CSTE_0319_SG_HarryPotter_Round,,,,,,,,,,,,,Combo,
harry_dumbledore_sunglass,CSTE_0292_OT_Dumbledore_wand,CSTE_0319_SG_HarryPotter_Round,,,,,,,,,,,,,Combo,
harry_voldmort_sunglass,CSTE_0293_OT_Voldemort_wand,CSTE_0319_SG_HarryPotter_Round,,,,,,,,,,,,,Combo,
potter_sunglass_voldmort,CSTE_0293_OT_Voldemort_wand,CSTE_0319_SG_HarryPotter_Round,,,,,,,,,,,,,Combo,
32541869,,,,,,,,,,,,,,,,
sunglasses_wandlord_voldmort,CSTE_0293_OT_Voldemort_wand,CSTE_0319_SG_HarryPotter_Round,,,,,,,,,,,,,Combo,
CSTE_0353_Wands_Dumbledore_light_MB,CSTE_0333_Wands_Dumbledore_Light,CSTE_0020_MB_HP_Black,,,,,,,,,,,,,Combo,
CSTE_0355_Wands_Harrypotter_light_SG,CSTE_0330_Wands_Harrypotter_Light,CSTE_0319_SG_HarryPotter_Round,,,,,,,,,,,,,Combo,
Messenger_Cat_UPD_Black,CSTE_O0001_OT_TeddyFaceCat_Brown,CSTE_O0307_OT_UnicornPlantableDiary_Black,,,,,,,,,,,,,Combo,
CSTE_O0364_SnitchBall_3dLamp,CSTE_O0364_SnitchBall_3dLamp,,,,,,,,,,,,,,,
squeeze_toy_3,CSTE_O0442_OT_Squeeze_White,CSTE_O0443_OT_Squeeze_Yellow,CSTE_O0444_OT_Squeeze_Purple,,,,,,,,,,,,Combo,
CJ_Makeup_Org_Pink_Brushes,CSTE_O0376_OT_Makeup_Brushes_Set,,,,,,,,,,,,,,,
Compression_Kit_Toiletry_Bottle_Combo,CSTE_0429_Org_Compression_Kit_Cream,,,,,,,,,,,,,,,
CJ_Makeup_Org_Purple_Brushes,CSTE_0316_Organizer_Makeup_Purple,,,,,,,,,,,,,,,
NEW_HARRY_POTTER_MUSIC_BOX,CSTE_0294_OT_Harrypotter_new_wand,,,,,,,,,,,,,,,
32554661,,,,,,,,,,,,,,,paused,
Snape_stand,CSTE_0295_OT_Snape_wand,CSTE_0408_Wands_Stand_Metal,,,,,,,,,,,,,Combo,
32565434,,,,,,,,,,,,,,,,
Voldemort_stand,CSTE_0293_OT_Voldemort_wand,CSTE_0408_Wands_Stand_Metal,,,,,,,,,,,,,Combo,
32587421,CSTE_O0436_OT_Dinasour_Soft_toy,CSTE_O0047_OT_DinasourPencilSet,,,,,,,,,,,,,combo paused,
32645101,CSTE_0002_ST_Bts_Pillow_Tata,,,,,,,,,,,,,,block,
32654329,,,,,,,,,,,,,,,paused,
BigPillow_Combo,CSTE_0009_ST_Bts_LongPillow_Chimmy,CSTE_0012_ST_Bts_LongPillow_Cooky,CSTE_0011_ST_Bts_LongPillow_Koya,CSTE_0010_ST_Bts_LongPillow_Tata,,,,,,,,,,,Combo,
32654531,,,,,,,,,,,,,,,block,
32758462,,,,,,,,,,,,,,,combo paused,
32805694,,,,,,,,,,,,,,,,
32856438,,,,,,,,,,,,,,,block,
32856471,,,,,,,,,,,,,,,,
34152463,,,,,,,,,,,,,,,paused,
34210216,,,,,,,,,,,,,,,combo paused,
34546820,,,,,,,,,,,,,,,paused,
35426581,,,,,,,,,,,,,,,combo paused,
36548700,,,,,,,,,,,,,,,,
36925846,,,,,,,,,,,,,,,paused,
38254120,,,,,,,,,,,,,,,block,
38754923,,,,,,,,,,,,,,,pause,
41256820,,,,,,,,,,,,,,,block,
41256821,,,,,,,,,,,,,,,block,
41256822,,,,,,,,,,,,,,,block,
41256826,,,,,,,,,,,,,,,block,
45623951,,,,,,,,,,,,,,,,
45693215,,,,,,,,,,,,,,,,
45696379,,,,,,,,,,,,,,,,
47895126,,,,,,,,,,,,,,,pause combo,
59678234,,,,,,,,,,,,,,,,
74589556,,,,,,,,,,,,,,,pause,
78564917,,,,,,,,,,,,,,,,
299831639,,,,,,,,,,,,,,,block,
320877943,,,,,,,,,,,,,,,block,
412353319,,,,,,,,,,,,,,,block,
703974512,,,,,,,,,,,,,,,combo block,
780386615,,,,,,,,,,,,,,,block,
892908295,,,,,,,,,,,,,,,block,
967713377,,,,,,,,,,,,,,,block,
1418796129,,,,,,,,,,,,,,,block,
_w-Yn7lE,,,,,,,,,,,,,,,,
_zcafDUD,,,,,,,,,,,,,,,,
-2cMV-WJ,,,,,,,,,,,,,,,,
0B7-gLW3,,,,,,,,,,,,,,,block,
1160504596_20,,,,,,,,,,,,,,,pause,
1773495636_5,,,,,,,,,,,,,,,pause,
1779653950_20,,,,,,,,,,,,,,,pause,
1ky9uhEw,,,,,,,,,,,,,,,,
1qod_Ts_,,,,,,,,,,,,,,,pause,
1UX4NDkZ,,,,,,,,,,,,,,,,
26ltr_Sorage_combo4,CSTE_0409_Orgn_Storage_26Ltr_Grey,CSTE_0410_Orgn_Storage_26Ltr_Green,CSTE_0413_Orgn_Storage_26Ltr_Blue,CSTE_0414_Orgn_Storage_26Ltr_Cream,,,,,,,,,,,Combo,
26ltr_Sorage_combo4,CSTE_0409_Orgn_Storage_26Ltr_Grey,CSTE_0410_Orgn_Storage_26Ltr_Green,CSTE_0413_Orgn_Storage_26Ltr_Blue,CSTE_0414_Orgn_Storage_26Ltr_Cream,,,,,,,,,,,Combo,
2brFPTYz,,,,,,,,,,,,,,,,
2NEUb1XM,,,,,,,,,,,,,,,,
2YAr2M-5,,,,,,,,,,,,,,,pause,
3pAy5fXx,,,,,,,,,,,,,,,pause,
4A7Xa50k,,,,,,,,,,,,,,,,
4Bdp5iEt,,,,,,,,,,,,,,,pause,
4ML15HYr,,,,,,,,,,,,,,,,
4yiVN19z,,,,,,,,,,,,,,,,
5AG9Ab09,,,,,,,,,,,,,,,,
5c_u-iG1,,,,,,,,,,,,,,,,
5Isc0jrD,,,,,,,,,,,,,,,pause,
5RguY6mJ,,,,,,,,,,,,,,,,
5Xs7cg7P,,,,,,,,,,,,,,,,
684256469_4,,,,,,,,,,,,,,,pause,
6F1HRd4W,,,,,,,,,,,,,,,pause,
6LtBUa1c,,,,,,,,,,,,,,,pause,
6MEmBDFr,,,,,,,,,,,,,,,pause,
6V6OYgGW,,,,,,,,,,,,,,,pause,
6vPQy5de,,,,,,,,,,,,,,,,
6xAqbxdC,,,,,,,,,,,,,,,,
704tVKsP,,,,,,,,,,,,,,,,
7J0fARZv,,,,,,,,,,,,,,,,
7Nx5Zzxf,,,,,,,,,,,,,,,pause,
8_tjaXTs,,,,,,,,,,,,,,,,
82Ll5MUg,,,,,,,,,,,,,,,stock update,
8eI9xtq4,,,,,,,,,,,,,,,,
8fQu9tNF,,,,,,,,,,,,,,,,
9jIB8blZ,,,,,,,,,,,,,,,pause,
9UzcN5uJ,,,,,,,,,,,,,,,,
A10qbPbH,,,,,,,,,,,,,,,,
A2nKaWwL,,,,,,,,,,,,,,,pause,
a7qqb2O5,,,,,,,,,,,,,,,,
A87lXqy_,,,,,,,,,,,,,,,,
AhtLj33G,,,,,,,,,,,,,,,stock update,
AK4tOLXH,,,,,,,,,,,,,,,,
Ak8AtTHW,,,,,,,,,,,,,,,,
aO00wc4w,,,,,,,,,,,,,,,stock update,
Avengers soft toy,,,,,,,,,,,,,,,combo pause,
b5g6r6yz,,,,,,,,,,,,,,,,
Balloon_Blue,,,,,,,,,,,,,,,,
Balloon_Silver,,,,,,,,,,,,,,,,
bctcOnLn,,,,,,,,,,,,,,,,
bdwle_kf,,,,,,,,,,,,,,,,
BELT12,,,,,,,,,,,,,,,pause,
bFw2h2eG,,,,,,,,,,,,,,,stock update,
bGLvc2yw,,,,,,,,,,,,,,,,
black red 0174,,,,,,,,,,,,,,,combo block,
bOHgNJvY,,,,,,,,,,,,,,,,
bOx5YnOK,,,,,,,,,,,,,,,,
Breathing_Avocado_Green,,,,,,,,,,,,,,,,
Breathing_Grey_Otter,CSTE_0549_ST_Animal_Breathing_Otter_Grey,,,,,,,,,,,,,,,
Breathing_Lilo_Stich_Blue,CSTE_0488_ST_Animal_Breathing_Stitch_Blue,,,,,,,,,,,,,,,
Breathing_Messenger_Cat,CSTE_O0001_OT_TeddyFaceCat_Brown,,,,,,,,,,,,,,,
Breathing_Messenger_Cat_Blue,CSTE_O0003_OT_TeddyFaceCat_Blue,,,,,,,,,,,,,,,
Breathing_Messenger_Cat_Pink,CSTE_O0002_OT_TeddyFaceCat_Pink,,,,,,,,,,,,,,,
Breathing_Otter_Blue,CSTE_0487_ST_Animal_Breathing_Otter_Blue,,,,,,,,,,,,,,,
Breathing_Otter_D_Brown,CSTE_0525_ST_Animal_Breathing_Otter_DarkBrown,,,,,,,,,,,,,,,
Breathing_Otter_Pink_1,CSTE_0526_ST_Animal_Breathing_Otter_Pink,,,,,,,,,,,,,,,
BrIM6I5u,,,,,,,,,,,,,,,,
Bts Diary,,,,,,,,,,,,,,,,
butterfly_redgreen_SG,CSTE_0148_SG_ButterFly_RedGreen,,,,,,,,,,,,,,,
Bycf5UO7,,,,,,,,,,,,,,,stockupdate,
c8BLioor,,,,,,,,,,,,,,,block,
"CAAJU Animal Stuffed Soft Toy (Dark Blue, Orange)",CSTE_0125_ST_Rev_Cat_BlueOerange,,,,,,,,,,,,,,Paused,
CAAJU KOREAN BANDAIDS PACK,,,,,,,,,,,,,,,Paused,
CB_KOREA_EDITION_CREATIVE_ZERO_WALLET_MUSTACHE_D2,,,,,,,,,,,,,,,Paused,
cB-S44Cn,,,,,,,,,,,,,,,,
circle brown,CSTE_0387_SG_Oval_Crystal_Brown,,,,,,,,,,,,,,,
Cj_0Izuv,,,,,,,,,,,,,,,,
CJ_Makeup_Org_LightGreen_Brushes,CSTE_O0376_OT_Makeup_Brushes_Set,CSTE_0315_Organizer_Makeup_LightGreen,,,,,,,,,,,,,Combo,
cj-pegga-bottel,,,,,,,,,,,,,,,,
CLASSIC-CAR-01,,,,,,,,,,,,,,,pause,0
CMB_FOX_DESIGN_ORANGE,,,,,,,,,,,,,,,Combo,
CMB_GREEN_MUG,,,,,,,,,,,,,,,Combo,
CMB_GUN_DESIGN,,,,,,,,,,,,,,,Combo,
CMB_UNICORN_CUP_WITH_SPOON,,,,,,,,,,,,,,,Combo,
CMB_UNICORN_TUMBLER_PINK,,,,,,,,,,,,,,,Combo,
CMB_UNICORN_TUMBLER_PURPLE,,,,,,,,,,,,,,,Combo,
CMB_UNICORN_WHITE,,,,,,,,,,,,,,,Combo,
combo doll,,,,,,,,,,,,,,,"Paused, Combo",
combo_square_watches_black-pink,CSTE_O0316_OT_Squrewatch_Pink,CSTE_O0320_OT_Square Watch_Black,,,,,,,,,,,,,Combo,
combo1,,,,,,,,,,,,,,,"Paused, Combo",
combo10,,,,,,,,,,,,,,,"Paused, Combo",
combo11,,,,,,,,,,,,,,,"Paused, Combo",
combo112,,,,,,,,,,,,,,,"Paused, Combo",
combo12,,,,,,,,,,,,,,,"Paused, Combo",
combo12,,,,,,,,,,,,,,,"Paused, Combo",
combo120,,,,,,,,,,,,,,,"Paused, Combo",
combo13,,,,,,,,,,,,,,,"Paused, Combo",
combo131,,,,,,,,,,,,,,,"Paused, Combo",
combo132,,,,,,,,,,,,,,,"Paused, Combo",
combo14,,,,,,,,,,,,,,,"Paused, Combo",
combo144,,,,,,,,,,,,,,,"Paused, Combo",
combo15,,,,,,,,,,,,,,,"Paused, Combo",
combo151,,,,,,,,,,,,,,,"Paused, Combo",
combo16,,,,,,,,,,,,,,,"Paused, Combo",
combo161,,,,,,,,,,,,,,,"Paused, Combo",
combo18`,,,,,,,,,,,,,,,"Paused, Combo",
combo2,,,,,,,,,,,,,,,"Paused, Combo",
combo3,,,,,,,,,,,,,,,"Paused, Combo",
combo4,,,,,,,,,,,,,,,"Paused, Combo",
combo5,,,,,,,,,,,,,,,"Paused, Combo",
combo6,,,,,,,,,,,,,,,"Paused, Combo",
COMBO7,,,,,,,,,,,,,,,"Paused, Combo",
combo8,,,,,,,,,,,,,,,"Paused, Combo",
combo9,,,,,,,,,,,,,,,"Paused, Combo",
Combooff,,,,,,,,,,,,,,,"Paused, Combo",
Compression_Sky_Blue,CSTE_0475_Organizer_Compression_Kit_LightBlue,CSTE_O0390_OT_Toiletry_Bottles,,,,,,,,,,,,,Combo,
CSTE_0010_ST_Bts_LongPillow_Tata CSTE_0011_ST_Bts_LongPillow_Koya,CSTE_0010_ST_Bts_LongPillow_Tata,CSTE_0011_ST_Bts_LongPillow_Koya,,,,,,,,,,,,,Paused,
CSTE_0174_SG_Oval_Red CSTE_0143_SG_Oval01_Black,CSTE_0143_SG_Oval01_Black,CSTE_0174_SG_Oval_Red,,,,,,,,,,,,,Combo,
CSTE_O0367_OT_Belt_Sunglass_Combo,CSTE_O0354_OT_ LeatherBelt_Black,CSTE_0319_SG_HarryPotter_Round,,,,,,,,,,,,,Combo,
CSTE_O0367_OT_Belt_Sunglass_Combo,CSTE_O0354_OT_ LeatherBelt_Black,CSTE_0319_SG_HarryPotter_Round,,,,,,,,,,,,,Combo,
CSTE020,CSTE_0085_MB_Titanic_Brown,,,,,,,,,,,,,,Blocked,
CSTE071,CSTE_O0036_OT_UnicornSoftToy_RedSmall,,,,,,,,,,,,,,,
CSTE088,CSTE_O0447_OT_Kangaroo_Plush,,,,,,,,,,,,,,,
CSTE130,CSTE_O0358_OT_IronMan_Bobblehead,,,,,,,,,,,,,,Paused,
CSTE131,,,,,,,,,,,,,,,,
CSTE141,,,,,,,,,,,,,,,,
CSTE168,,,,,,,,,,,,,,,,
CSTE169,,,,,,,,,,,,,,,,
CSTE177,,,,,,,,,,,,,,,,
CSTE191,,,,,,,,,,,,,,,,
CSTE194,,,,,,,,,,,,,,,,
CSTE196,,,,,,,,,,,,,,,,
CSTE202,,,,,,,,,,,,,,,,
CSTE203,,,,,,,,,,,,,,,,
CSTE210,,,,,,,,,,,,,,,,
CSTE211,,,,,,,,,,,,,,,,
CSTE222,,,,,,,,,,,,,,,,
CSTE223,,,,,,,,,,,,,,,,
CSTE225,,,,,,,,,,,,,,,,
CSTE227,,,,,,,,,,,,,,,,
CSTE260,,,,,,,,,,,,,,,,
CSTE261,,,,,,,,,,,,,,,,
CSTE262,,,,,,,,,,,,,,,,
CSTE263,,,,,,,,,,,,,,,,
CSTE264,,,,,,,,,,,,,,,,
CSTE265,,,,,,,,,,,,,,,,
CSTE266,,,,,,,,,,,,,,,,
CSTE267,,,,,,,,,,,,,,,,
CSTE269,,,,,,,,,,,,,,,,
CSTE270,,,,,,,,,,,,,,,,
CSTE288,,,,,,,,,,,,,,,,
CSTE289,,,,,,,,,,,,,,,,
CSTE290,,,,,,,,,,,,,,,,
CSTE388,,,,,,,,,,,,,,,,
CSTE405,,,,,,,,,,,,,,,,
CSTE407,,,,,,,,,,,,,,,,
CSTE408,,,,,,,,,,,,,,,,
CSTE417,,,,,,,,,,,,,,,,
d5,,,,,,,,,,,,,,,,
DBZ Bardock Action Figure,,,,,,,,,,,,,,,,
de8L2U5m,,,,,,,,,,,,,,,,
DecidedSocks,,,,,,,,,,,,,,,,
DecidedSocks_NBlue,,,,,,,,,,,,,,,,
DecidedSocks_Yellow,,,,,,,,,,,,,,,,
Dinosaur Doll,CSTE_O0436_OT_Dinasour_Soft_toy,,,,,,,,,,,,,,,
Dinosaur Doll,CSTE_O0436_OT_Dinasour_Soft_toy,,,,,,,,,,,,,,,
DLMRL2_u,,,,,,,,,,,,,,,,
Dog Toy White,,,,,,,,,,,,,,,,
doG-7Xiw,,,,,,,,,,,,,,,,
doll combo 2,,,,,,,,,,,,,,,,
DOUBLE SHADES HEART MELT_SG,CSTE_0253_SG_MeltedHeart_Red,,,,,,,,,,,,,,,
dpTINvP9,,,,,,,,,,,,,,,,
dR9UUxFd,,,,,,,,,,,,,,,,
"Dragon Ball Z Bobblehead for home decors, office desk and study table (Multicolor)",,,,,,,,,,,,,,,,
e9TZlYth,,,,,,,,,,,,,,,,
EaC1RiNo,,,,,,,,,,,,,,,,
eb8JlzHA,,,,,,,,,,,,,,,,
Ek0HRLae,,,,,,,,,,,,,,,,
EMcsD0hM,,,,,,,,,,,,,,,,
eMvR_xBd,,,,,,,,,,,,,,,,
enk9_cve,,,,,,,,,,,,,,,,
eOYCNTO2,,,,,,,,,,,,,,,,
EwN5XJZD,,,,,,,,,,,,,,,,
ezvk5XTE,,,,,,,,,,,,,,,,
f5,,,,,,,,,,,,,,,,
FC-BT21-CHIMMY-1,,,,,,,,,,,,,,,,
FC-BT21-TATA-1,,,,,,,,,,,,,,,,
FC-Tata-Mang-2,,,,,,,,,,,,,,,,
fDBMiG-P,,,,,,,,,,,,,,,,
Fhv6umjJ,,,,,,,,,,,,,,,,
Flow Portable Oxygen Concentrator for Home Use,,,,,,,,,,,,,,,,
FOfSNurg,,,,,,,,,,,,,,,,
Fog_Balloon_Set_2,,,,,,,,,,,,,,,,
Fog_Balloon_Set_2,,,,,,,,,,,,,,,,
Friends New Music Box,CSTE_0028_MB_Friends_NewBrown,,,,,,,,,,,,,,,
Fur Chair Mat-White,CSTE_0114_HD_Rug_CircleChairMat_White,,,,,,,,,,,,,,,
"Fusked Red Tata Eye Mask | Soft Breathable Cotton Eye Mask | Sleeping eye shade mask for Insomnia, Meditation, Puffy Eyes and Dark Circles (Red)",CSTE_O0234_OT_TataEyemask,,,,,,,,,,,,,,,
"Fusked Wool Floor Mat (White, Small)",CSTE_0111_HD_Rug_CircleFurmat_White,,,,,,,,,,,,,,,
FUSKED- BOBBLEHEAD DOG-WHITE-CAR AND HOME DECOR,CSTE_O0293_OT_PuppyBobbleHead,,,,,,,,,,,,,,,
FUSKED- HELLO KITTY WHITE SOFT TOY FOR KIDS,,,,,,,,,,,,,,,,
gjyKumUz,,,,,,,,,,,,,,,,
GObc7q6u,,,,,,,,,,,,,,,,
Goku blue hair,CSTE_0449_CLT_AF_Vegeta_Gloves_Blue,,,,,,,,,,,,,,,
Golden Dog Plush Toy,,,,,,,,,,,,,,,,
GRB4Y8qt,,,,,,,,,,,,,,,,
gsEYEreN,,,,,,,,,,,,,,,,
Gulal_Fog_balloon_Set,,,,,,,,,,,,,,,,
Gulal_Fog_balloon_Set,,,,,,,,,,,,,,,,
Gulal_Fog_Set,,,,,,,,,,,,,,,,
Gulal_Fog_Set,,,,,,,,,,,,,,,,
Gulal_Set_5,,,,,,,,,,,,,,,,
Gulal_Set_5,,,,,,,,,,,,,,,,
Gulal5_Balloon_Set,,,,,,,,,,,,,,,,
Gulal5_Balloon_Set,,,,,,,,,,,,,,,,
h_k5IsnE,,,,,,,,,,,,,,,,
H2sJkix1,,,,,,,,,,,,,,,,
Haary_Round_SG,CSTE_0319_SG_HarryPotter_Round,,,,,,,,,,,,,,,
Happy Holi Tshirt | Celebrate,,,,,,,,,,,,,,,,
Happy Holi Tshirt | Celebrate,,,,,,,,,,,,,,,,
Happy Holi Tshirt | Celebrate,,,,,,,,,,,,,,,,
Happy Holi Tshirt | Celebrate,,,,,,,,,,,,,,,,
Happy Holi Tshirt | Celebration,,,,,,,,,,,,,,,,
Happy Holi Tshirt | Celebration,,,,,,,,,,,,,,,,
Happy Holi Tshirt | Celebration,,,,,,,,,,,,,,,,
Happy Holi Tshirt | Celebration,,,,,,,,,,,,,,,,
hE4hIdCJ,,,,,,,,,,,,,,,,
HeartShape_SlingBag_Pink,CSTE_O0439_OT_Bunny_Sling_Bag,,,,,,,,,,,,,,,
Hello Kitty Dancing Robot For Kids,,,,,,,,,,,,,,,,
hEs5MMFY,,,,,,,,,,,,,,,,
Holi_Balloons,,,,,,,,,,,,,,,,
Holi_Balloons,,,,,,,,,,,,,,,,
Holi_Balloons_2,,,,,,,,,,,,,,,,
Holi_Balloons_2,,,,,,,,,,,,,,,,
Holi_Balloons_4,,,,,,,,,,,,,,,,
Holi_Balloons_4,,,,,,,,,,,,,,,,
Holi_Combo,,,,,,,,,,,,,,,,
Holi_Shirt_Medium,,,,,,,,,,,,,,,,
Holi_Tshirt_2XL,,,,,,,,,,,,,,,,
Holi_tshirt_2XL,,,,,,,,,,,,,,,,
Holi_Tshirt_Large,,,,,,,,,,,,,,,,
holi_tshirt_large,,,,,,,,,,,,,,,,
Holi_Tshirt_M,,,,,,,,,,,,,,,,
Holi_Tshirt_XL,,,,,,,,,,,,,,,,
holi_tshirt_XL,,,,,,,,,,,,,,,,
HP_Wand_Stand,CSTE_0408_Wands_Stand_Metal,CSTE_0294_OT_Harrypotter_new_wand,,,,,,,,,,,,,Combo,
HWoHUItG,,,,,,,,,,,,,,,,
Hzo4-lP_,,,,,,,,,,,,,,,,
i9_m2yiw,,,,,,,,,,,,,,,,
ICNYNRuj,,,,,,,,,,,,,,,,
IdP3BK65,,,,,,,,,,,,,,,,
IFR-XSL5,,,,,,,,,,,,,,,,
iiqwldXw,,,,,,,,,,,,,,,,
iiSFxj1t,,,,,,,,,,,,,,,,
Individual FSN,,,,,,,,,,,,,,,,
Jade Holder-Green,CSTE_O0216_OT_GuashaAndJadeRoler,,,,,,,,,,,,,,,
jEiirGRK,,,,,,,,,,,,,,,,
jKHBkGJ1,,,,,,,,,,,,,,,,
JN-YGU9-YLS7,,,,,,,,,,,,,,,,
JrA1jan0,,,,,,,,,,,,,,,,
JrlLANCt,,,,,,,,,,,,,,,,
JS_DeerStand_Pink,CSTE_O0167_OT_PlasticJewelleryStand,,,,,,,,,,,,,,,
jSH1E-30,,,,,,,,,,,,,,,,
jSjyI2pB,,,,,,,,,,,,,,,,
JUBshLl2,,,,,,,,,,,,,,,,
jw-dfgo1,,,,,,,,,,,,,,,,
jzBEShMt,,,,,,,,,,,,,,,,
k_3SP4Tu,,,,,,,,,,,,,,,,
k_P8GtYN,,,,,,,,,,,,,,,,
K4uKvApc,,,,,,,,,,,,,,,,
KA6xguma,,,,,,,,,,,,,,,,
Kbl2uR2D,,,,,,,,,,,,,,,,
KIDS DOLL_01,,,,,,,,,,,,,,,,
KIDS DOLL_02,,,,,,,,,,,,,,,,
KIDS DOLL_03,,,,,,,,,,,,,,,,
KIDS DOLL_04,,,,,,,,,,,,,,,,
KIDS DOLL_05,,,,,,,,,,,,,,,,
KIDS DOLL_06,,,,,,,,,,,,,,,,
Koala_Hugging_Duck,CSTE_0547_ST_Animal_Stich_Hug_Duck,,,,,,,,,,,,,,,
Koya_Pillow,CSTE_0003_ST_Bts_Pillow_Koya,,,,,,,,,,,,,,,
kU8LL7l-,,,,,,,,,,,,,,,,
Kuromi_My_Melody,CSTE_0482_ST_Animal_Kitty_Kuromi_Black,CSTE_0483_ST_Animal_Kitty_MyMelody_Pink,,,,,,,,,,,,,Combo,
Kuromi_My_Melody,CSTE_0482_ST_Animal_Kitty_Kuromi_Black,CSTE_0483_ST_Animal_Kitty_MyMelody_Pink,,,,,,,,,,,,,Combo,
kVbvmNkc,,,,,,,,,,,,,,,,
kVxvv7ce,,,,,,,,,,,,,,,,
kz0nIXyS,,,,,,,,,,,,,,,,
KZ9Titb2,,,,,,,,,,,,,,,,
l1EZIAZ1,,,,,,,,,,,,,,,,
l1EZIAZ1,,,,,,,,,,,,,,,,
l1EZIAZ1,,,,,,,,,,,,,,,,
l2KWlqgO,,,,,,,,,,,,,,,,
LbL2lkga,,,,,,,,,,,,,,,,
LHciVFE4,,,,,,,,,,,,,,,,
lIfKQLao,,,,,,,,,,,,,,,,
Little Buddy Adventure Plushie,,,,,,,,,,,,,,,,
Lj1PuhM1,,,,,,,,,,,,,,,,
lkehlQY0,,,,,,,,,,,,,,,,
LpxM3Y1q,,,,,,,,,,,,,,,,
LqqE-2m_,,,,,,,,,,,,,,,,
lxPuuayz,,,,,,,,,,,,,,,,
M_w7NpO1,,,,,,,,,,,,,,,,
M-wqlDfr,,,,,,,,,,,,,,,,
MB_Amchil_Girl,,,,,,,,,,,,,,,,
Mb_Anchilgirl_Brown,,,,,,,,,,,,,,,,
MbjXltZM,,,,,,,,,,,,,,,,
MCDnuMYh,,,,,,,,,,,,,,,,
Mercury_Green_Fire,,,,,,,,,,,,,,,,
mFSWzFOx,,,,,,,,,,,,,,,,
mgkaZrXc,,,,,,,,,,,,,,,,
MGUxq9f_,,,,,,,,,,,,,,,,
Minecraft_Spider_Creeper,CSTE_0477_ST_Minecraft_Spider_Blue,CSTE_0419_ST_MineCraft_Creeper,,,,,,,,,,,,,Combo,
MMJumReF,,,,,,,,,,,,,,,,
MoHJMOqw,,,,,,,,,,,,,,,,
MONEYHEIST A-8_BROWN,CSTE_0199_MB_MHA8_Brown,,,,,,,,,,,,,,,
mQ-W1tYE,,,,,,,,,,,,,,,,
Music Box Star Wars- Black,CSTE_0054_MB_Starwar_Black,,,,,,,,,,,,,,,
musicBoxBabyYoda-Brown,CSTE_0091_MB_Starwar_Yoda,,,,,,,,,,,,,,,
MusicBoxDragonBall-Z-Red,CSTE_0070_MB_DragonBallZ_Red,,,,,,,,,,,,,,,
nESVg9UV,,,,,,,,,,,,,,,,
nEUzJKBr,,,,,,,,,,,,,,,,
nOLXNIQj,,,,,,,,,,,,,,,,
nwJYqX05,,,,,,,,,,,,,,,,
O8TWap4a,,,,,,,,,,,,,,,,
O8YRw9N2,,,,,,,,,,,,,,,,
OAoq9hfU,,,,,,,,,,,,,,,,
OcFkcWFx,,,,,,,,,,,,,,,,
OfS_xmmE,,,,,,,,,,,,,,,,
oHKcKcE1,,,,,,,,,,,,,,,,
OkhLZbaP,,,,,,,,,,,,,,,,
Ol5CHDni,,,,,,,,,,,,,,,,
olTz42b9,,,,,,,,,,,,,,,,
oojmh-kB,,,,,,,,,,,,,,,,
OPQVfTpB,,,,,,,,,,,,,,,,
Oval_Red&Black_SG,CSTE_0143_SG_Oval01_Black,CSTE_0174_SG_Oval_Red,,,,,,,,,,,,,Combo,
Oval_Sg_Combo,CSTE_0143_SG_Oval01_Black,CSTE_0174_SG_Oval_Red,,,,,,,,,,,,,Combo,
Oval_Sg_Combo,CSTE_0143_SG_Oval01_Black,CSTE_0174_SG_Oval_Red,,,,,,,,,,,,,Combo,
oval_sunglass_combo,CSTE_0143_SG_Oval01_Black,CSTE_0174_SG_Oval_Red,,,,,,,,,,,,,Combo,
OwuJUDIS,,,,,,,,,,,,,,,,
OYERyijz,,,,,,,,,,,,,,,,
p_WADVAF,,,,,,,,,,,,,,,,
pCWY1tHV,,,,,,,,,,,,,,,,
pdoT0QAK,,,,,,,,,,,,,,,,
PEwoGO2l,,,,,,,,,,,,,,,,
plant holder,CSTE_O0386_OT_Candle_Holder_Deer,,,,,,,,,,,,,,,
plant holder,CSTE_O0386_OT_Candle_Holder_Deer,,,,,,,,,,,,,,,
plzyLoI3,,,,,,,,,,,,,,,,
pMxY72VN,,,,,,,,,,,,,,,,
PqDYEs5H,,,,,,,,,,,,,,,,
Psanlvrv,,,,,,,,,,,,,,,,
PwI-Cd9V,,,,,,,,,,,,,,,,
q_1qIkIt,,,,,,,,,,,,,,,,
q7,,,,,,,,,,,,,,,,
qbEf_c6q,,,,,,,,,,,,,,,,
qDiWlwrs,,,,,,,,,,,,,,,,
ql86khn6,,,,,,,,,,,,,,,,
QNJZtW6l,,,,,,,,,,,,,,,,
r7,,,,,,,,,,,,,,,,
Rabbit doll,,,,,,,,,,,,,,,,
RD-CRYMUD-01,,,,,,,,,,,,,,,,
RED YELLOW CAT,,,,,,,,,,,,,,,,
RFX4vHUU,,,,,,,,,,,,,,,,
rM_ItqiB,,,,,,,,,,,,,,,,
Rudrav BT21 Rj Ball Pen Multi-function Pen (Multicolor),CSTE_O0287_OT_RjPen,,,,,,,,,,,,,,,
Rudrav BTS Pen Multi-function Pen (Blue),CSTE_O0270_OT_MangPen,,,,,,,,,,,,,,,
Rudrav_10 Colors in _1 BT21 Koya Ball Pen (Blue) Ball Pen (Multicolor),CSTE_O0270_OT_MangPen,,,,,,,,,,,,,,,
Rudrav_Cute Mini Memo Note Pad Memo Note Book with Pen for Kids,CSTE_O0270_OT_MangPen,,,,,,,,,,,,,,,
Rudrav_Pulse OXIMETER | Oxygen Saturation Level SPO2 and Heart Pulse Rate Monitor PR,CSTE_O0186_OT_OximeterTft,,,,,,,,,,,,,,,
"Rudrav_Table_Lamp_with_pen_stand Study Lamp (3 cm, Multicolor)",,,,,,,,,,,,,,,,
"Rudrav_Thanos_Toy with Super Villain for Kids, Action Figure",,,,,,,,,,,,,,,,
rwrMLO9G,,,,,,,,,,,,,,,,
rxWpk77l,,,,,,,,,,,,,,,,
s3,,,,,,,,,,,,,,,,
Sealing Machine-Multicolour,,,,,,,,,,,,,,,,
Showipes,,,,,,,,,,,,,,,,
sky blue pink cat,CSTE_0127_ST_Rev_Cat_SkyBluePink,,,,,,,,,,,,,,Paused,
SL_SLIPPER_YELLOW,CSTE_O0010_OT_KissieSlipper_Yellow,,,,,,,,,,,,,,Blocked,
SL_SLIPPER_YELLOW,CSTE_O0010_OT_KissieSlipper_Yellow,,,,,,,,,,,,,,Blocked,
SL_SLIPPER_YELLOW,CSTE_O0010_OT_KissieSlipper_Yellow,,,,,,,,,,,,,,Blocked,
SL_SLIPPER_YELLOW,CSTE_O0010_OT_KissieSlipper_Yellow,,,,,,,,,,,,,,Blocked,
SL_SLIPPER_YELLOW,CSTE_O0010_OT_KissieSlipper_Yellow,,,,,,,,,,,,,,Blocked,
SL_SLIPPER_YELLOW,CSTE_O0010_OT_KissieSlipper_Yellow,,,,,,,,,,,,,,Blocked,
SL_SLIPPER_YELLOW,CSTE_O0010_OT_KissieSlipper_Yellow,,,,,,,,,,,,,,Blocked,
SL_SLIPPER_YELLOW,CSTE_O0010_OT_KissieSlipper_Yellow,,,,,,,,,,,,,,Blocked,
SL_SLIPPER_YELLOW,CSTE_O0010_OT_KissieSlipper_Yellow,,,,,,,,,,,,,,Blocked,
SL_SLIPPER_YELLOW,CSTE_O0010_OT_KissieSlipper_Yellow,,,,,,,,,,,,,,Blocked,
SL_SLIPPER_YELLOW,CSTE_O0010_OT_KissieSlipper_Yellow,,,,,,,,,,,,,,Blocked,
SL_SLIPPER_YELLOW,CSTE_O0010_OT_KissieSlipper_Yellow,,,,,,,,,,,,,,Blocked,
SL_SLIPPER_YELLOW,CSTE_O0010_OT_KissieSlipper_Yellow,,,,,,,,,,,,,,Blocked,
SL_SLIPPER_YELLOW,CSTE_O0010_OT_KissieSlipper_Yellow,,,,,,,,,,,,,,Blocked,
SL_SLIPPER_YELLOW,CSTE_O0010_OT_KissieSlipper_Yellow,,,,,,,,,,,,,,Blocked,
SL_SLIPPER_YELLOW,CSTE_O0010_OT_KissieSlipper_Yellow,,,,,,,,,,,,,,Blocked,
SL_SLIPPER_YELLOW,CSTE_O0010_OT_KissieSlipper_Yellow,,,,,,,,,,,,,,Blocked,
SL_SLIPPER_YELLOW,CSTE_O0010_OT_KissieSlipper_Yellow,,,,,,,,,,,,,,Blocked,
SL_SLIPPER_YELLOW,CSTE_O0010_OT_KissieSlipper_Yellow,,,,,,,,,,,,,,Blocked,
SL_SLIPPER_YELLOW,CSTE_O0010_OT_KissieSlipper_Yellow,,,,,,,,,,,,,,Blocked,
SL_SLIPPER_YELLOW,CSTE_O0010_OT_KissieSlipper_Yellow,,,,,,,,,,,,,,Blocked,
SL_SLIPPER_YELLOW,CSTE_O0010_OT_KissieSlipper_Yellow,,,,,,,,,,,,,,Blocked,
SL_SLIPPER_YELLOW,CSTE_O0010_OT_KissieSlipper_Yellow,,,,,,,,,,,,,,Blocked,
SL_SLIPPER_YELLOW,CSTE_O0010_OT_KissieSlipper_Yellow,,,,,,,,,,,,,,Blocked,
SL_SLIPPER_YELLOW,CSTE_O0010_OT_KissieSlipper_Yellow,,,,,,,,,,,,,,Blocked,
SL_SLIPPER_YELLOW,CSTE_O0010_OT_KissieSlipper_Yellow,,,,,,,,,,,,,,Blocked,
SL_SLIPPER_YELLOW,CSTE_O0010_OT_KissieSlipper_Yellow,,,,,,,,,,,,,,Blocked,
SL_SLIPPER_YELLOW,CSTE_O0010_OT_KissieSlipper_Yellow,,,,,,,,,,,,,,Blocked,
SL_SLIPPER_YELLOW,CSTE_O0010_OT_KissieSlipper_Yellow,,,,,,,,,,,,,,Blocked,
SL_SLIPPER_YELLOW,CSTE_O0010_OT_KissieSlipper_Yellow,,,,,,,,,,,,,,Blocked,
SL_SLIPPER_YELLOW,CSTE_O0010_OT_KissieSlipper_Yellow,,,,,,,,,,,,,,Blocked,
SL_SLIPPER_YELLOW,CSTE_O0010_OT_KissieSlipper_Yellow,,,,,,,,,,,,,,Blocked,
SL_SLIPPER_YELLOW,CSTE_O0010_OT_KissieSlipper_Yellow,,,,,,,,,,,,,,Blocked,
SL_SLIPPER_YELLOW,CSTE_O0010_OT_KissieSlipper_Yellow,,,,,,,,,,,,,,Blocked,
SL_SLIPPER_YELLOW,CSTE_O0010_OT_KissieSlipper_Yellow,,,,,,,,,,,,,,Blocked,
SL_SLIPPER_YELLOW,CSTE_O0010_OT_KissieSlipper_Yellow,,,,,,,,,,,,,,Blocked,
SL_SLIPPER_YELLOW,CSTE_O0010_OT_KissieSlipper_Yellow,,,,,,,,,,,,,,Blocked,
SL_SLIPPER_YELLOW,CSTE_O0010_OT_KissieSlipper_Yellow,,,,,,,,,,,,,,Blocked,
SL_SLIPPER_YELLOW,CSTE_O0010_OT_KissieSlipper_Yellow,,,,,,,,,,,,,,Blocked,
SL_SLIPPER_YELLOW,CSTE_O0010_OT_KissieSlipper_Yellow,,,,,,,,,,,,,,Blocked,
SL_SLIPPER_YELLOW,CSTE_O0010_OT_KissieSlipper_Yellow,,,,,,,,,,,,,,Blocked,
SL_SLIPPER_YELLOW,CSTE_O0010_OT_KissieSlipper_Yellow,,,,,,,,,,,,,,Blocked,
SL_SLIPPER_YELLOW,CSTE_O0010_OT_KissieSlipper_Yellow,,,,,,,,,,,,,,Blocked,
SL_UNICON_SLIPPER,CSTE_O0007_OT_UnicornSlipper_WhiteBig,,,,,,,,,,,,,,Blocked,
SL_UNICON_SLIPPER,CSTE_O0007_OT_UnicornSlipper_WhiteBig,,,,,,,,,,,,,,Blocked,
SL_UNICON_SLIPPER,CSTE_O0007_OT_UnicornSlipper_WhiteBig,,,,,,,,,,,,,,Blocked,
SL_UNICON_SLIPPER,CSTE_O0007_OT_UnicornSlipper_WhiteBig,,,,,,,,,,,,,,Blocked,
SL_UNICON_SLIPPER,CSTE_O0007_OT_UnicornSlipper_WhiteBig,,,,,,,,,,,,,,Blocked,
SL_UNICON_SLIPPER,CSTE_O0007_OT_UnicornSlipper_WhiteBig,,,,,,,,,,,,,,Blocked,
SL_UNICON_SLIPPER,CSTE_O0007_OT_UnicornSlipper_WhiteBig,,,,,,,,,,,,,,Blocked,
SL_UNICON_SLIPPER,CSTE_O0007_OT_UnicornSlipper_WhiteBig,,,,,,,,,,,,,,Blocked,
SL_UNICON_SLIPPER,CSTE_O0007_OT_UnicornSlipper_WhiteBig,,,,,,,,,,,,,,Blocked,
SL_UNICON_SLIPPER,CSTE_O0007_OT_UnicornSlipper_WhiteBig,,,,,,,,,,,,,,Blocked,
SL_UNICON_SLIPPER,CSTE_O0007_OT_UnicornSlipper_WhiteBig,,,,,,,,,,,,,,Blocked,
SL_UNICON_SLIPPER,CSTE_O0007_OT_UnicornSlipper_WhiteBig,,,,,,,,,,,,,,Blocked,
SL_UNICON_SLIPPER,CSTE_O0007_OT_UnicornSlipper_WhiteBig,,,,,,,,,,,,,,Blocked,
SL_UNICON_SLIPPER,CSTE_O0007_OT_UnicornSlipper_WhiteBig,,,,,,,,,,,,,,Blocked,
SL_UNICON_SLIPPER,CSTE_O0007_OT_UnicornSlipper_WhiteBig,,,,,,,,,,,,,,Blocked,
SL_UNICON_SLIPPER,CSTE_O0007_OT_UnicornSlipper_WhiteBig,,,,,,,,,,,,,,Blocked,
SL_UNICON_SLIPPER,CSTE_O0007_OT_UnicornSlipper_WhiteBig,,,,,,,,,,,,,,Blocked,
SL_UNICON_SLIPPER,CSTE_O0007_OT_UnicornSlipper_WhiteBig,,,,,,,,,,,,,,Blocked,
SL_UNICON_SLIPPER,CSTE_O0007_OT_UnicornSlipper_WhiteBig,,,,,,,,,,,,,,Blocked,
SL_UNICON_SLIPPER,CSTE_O0007_OT_UnicornSlipper_WhiteBig,,,,,,,,,,,,,,Blocked,
SL_UNICON_SLIPPER,CSTE_O0007_OT_UnicornSlipper_WhiteBig,,,,,,,,,,,,,,Blocked,
SL_UNICON_SLIPPER,CSTE_O0007_OT_UnicornSlipper_WhiteBig,,,,,,,,,,,,,,Blocked,
SL_UNICON_SLIPPER,CSTE_O0007_OT_UnicornSlipper_WhiteBig,,,,,,,,,,,,,,Blocked,
SL_UNICON_SLIPPER,CSTE_O0007_OT_UnicornSlipper_WhiteBig,,,,,,,,,,,,,,Blocked,
SL_UNICON_SLIPPER,CSTE_O0007_OT_UnicornSlipper_WhiteBig,,,,,,,,,,,,,,Blocked,
SL_UNICON_SLIPPER,CSTE_O0007_OT_UnicornSlipper_WhiteBig,,,,,,,,,,,,,,Blocked,
SL_UNICON_SLIPPER,CSTE_O0007_OT_UnicornSlipper_WhiteBig,,,,,,,,,,,,,,Blocked,
SL_UNICON_SLIPPER,CSTE_O0007_OT_UnicornSlipper_WhiteBig,,,,,,,,,,,,,,Blocked,
SL_UNICON_SLIPPER,CSTE_O0007_OT_UnicornSlipper_WhiteBig,,,,,,,,,,,,,,Blocked,
SL_UNICON_SLIPPER,CSTE_O0007_OT_UnicornSlipper_WhiteBig,,,,,,,,,,,,,,Blocked,
SL_UNICON_SLIPPER,CSTE_O0007_OT_UnicornSlipper_WhiteBig,,,,,,,,,,,,,,Blocked,
SL_UNICON_SLIPPER,CSTE_O0007_OT_UnicornSlipper_WhiteBig,,,,,,,,,,,,,,Blocked,
SL_UNICON_SLIPPER,CSTE_O0007_OT_UnicornSlipper_WhiteBig,,,,,,,,,,,,,,Blocked,
SL_UNICON_SLIPPER,CSTE_O0007_OT_UnicornSlipper_WhiteBig,,,,,,,,,,,,,,Blocked,
SL_UNICON_SLIPPER,CSTE_O0007_OT_UnicornSlipper_WhiteBig,,,,,,,,,,,,,,Blocked,
SL_UNICON_SLIPPER,CSTE_O0007_OT_UnicornSlipper_WhiteBig,,,,,,,,,,,,,,Blocked,
SL_UNICON_SLIPPER,CSTE_O0007_OT_UnicornSlipper_WhiteBig,,,,,,,,,,,,,,Blocked,
SL_UNICON_SLIPPER,CSTE_O0007_OT_UnicornSlipper_WhiteBig,,,,,,,,,,,,,,Blocked,
SL_UNICON_SLIPPER,CSTE_O0007_OT_UnicornSlipper_WhiteBig,,,,,,,,,,,,,,Blocked,
SL_UNICON_SLIPPER,CSTE_O0007_OT_UnicornSlipper_WhiteBig,,,,,,,,,,,,,,Blocked,
SL_UNICON_SLIPPER,CSTE_O0007_OT_UnicornSlipper_WhiteBig,,,,,,,,,,,,,,Blocked,
SL_UNICON_SLIPPER,CSTE_O0007_OT_UnicornSlipper_WhiteBig,,,,,,,,,,,,,,Blocked,
SL_UNICON_SLIPPER,CSTE_O0007_OT_UnicornSlipper_WhiteBig,,,,,,,,,,,,,,Blocked,
Sleeping _Dog_ Toy _Brown,,,,,,,,,,,,,,,,
Sleeping_ Dog _Toy_ Grey,,,,,,,,,,,,,,,,
sling_bag_bear,CSTE_O0383_OT_Sling_Bag_Bear,,,,,,,,,,,,,,paused,
sling_bag_bear2,CSTE_O0383_OT_Sling_Bag_Bear,,,,,,,,,,,,,,paused,
sLRKLv3r,,,,,,,,,,,,,,,,
small teddy,,,,,,,,,,,,,,,,
square_watch_combo_black_pink,CSTE_O0316_OT_Squrewatch_Pink,CSTE_O0320_OT_Square Watch_Black,,,,,,,,,,,,,Combo,
square_watches_combo_blakc-pink,CSTE_O0316_OT_Squrewatch_Pink,CSTE_O0320_OT_Square Watch_Black,,,,,,,,,,,,,Combo,
square_watches_combo_blakc-pink,CSTE_O0316_OT_Squrewatch_Pink,CSTE_O0320_OT_Square Watch_Black,,,,,,,,,,,,,Combo,
starlight1,,,,,,,,,,,,,,,,
Stitch_Hugging_Duck,CSTE_0547_ST_Animal_Stich_Hug_Duck,,,,,,,,,,,,,,,
Stitch_Hugging_Duck_2,CSTE_0547_ST_Animal_Stich_Hug_Duck,,,,,,,,,,,,,,,
Storage_box_Black_2,CSTE_0412_Orgn_Storage_26Ltr_BlackWhite,CSTE_0412_Orgn_Storage_26Ltr_BlackWhite,,,,,,,,,,,,,Combo,
Storage_box_Black_3,CSTE_0412_Orgn_Storage_26Ltr_BlackWhite,CSTE_0412_Orgn_Storage_26Ltr_BlackWhite,CSTE_0412_Orgn_Storage_26Ltr_BlackWhite,,,,,,,,,,,,Combo,
Storage_box_Black_4,CSTE_0412_Orgn_Storage_26Ltr_BlackWhite,CSTE_0412_Orgn_Storage_26Ltr_BlackWhite,CSTE_0412_Orgn_Storage_26Ltr_BlackWhite,CSTE_0412_Orgn_Storage_26Ltr_BlackWhite,,,,,,,,,,,Combo,
Storage_Box_Brown_1,CSTE_0411_Orgn_Storage_26Ltr_Brown,,,,,,,,,,,,,,,
Storage_Box_Brown_2,CSTE_0411_Orgn_Storage_26Ltr_Brown,CSTE_0411_Orgn_Storage_26Ltr_Brown,,,,,,,,,,,,,Combo,
Storage_Box_Brown_3,CSTE_0411_Orgn_Storage_26Ltr_Brown,CSTE_0411_Orgn_Storage_26Ltr_Brown,CSTE_0411_Orgn_Storage_26Ltr_Brown,,,,,,,,,,,,Combo,
Storage_Box_Brown_4,CSTE_0411_Orgn_Storage_26Ltr_Brown,CSTE_0411_Orgn_Storage_26Ltr_Brown,CSTE_0411_Orgn_Storage_26Ltr_Brown,CSTE_0411_Orgn_Storage_26Ltr_Brown,,,,,,,,,,,Combo,
Storage_Box_Green_1,CSTE_0410_Orgn_Storage_26Ltr_Green,,,,,,,,,,,,,,,
Storage_Box_Green_2,CSTE_0410_Orgn_Storage_26Ltr_Green,CSTE_0410_Orgn_Storage_26Ltr_Green,,,,,,,,,,,,,Combo,
Storage_Box_Green_3,CSTE_0410_Orgn_Storage_26Ltr_Green,CSTE_0410_Orgn_Storage_26Ltr_Green,CSTE_0410_Orgn_Storage_26Ltr_Green,,,,,,,,,,,,Combo,
Storage_Box_Green_4,CSTE_0410_Orgn_Storage_26Ltr_Green,CSTE_0410_Orgn_Storage_26Ltr_Green,CSTE_0410_Orgn_Storage_26Ltr_Green,CSTE_0410_Orgn_Storage_26Ltr_Green,,,,,,,,,,,Combo,
Storage_Box_white_1,CSTE_0530_Organizer_Storage_Grid_24_Cream,,,,,,,,,,,,,,,
Storage_Box_white_2,CSTE_0530_Organizer_Storage_Grid_24_Cream,CSTE_0530_Organizer_Storage_Grid_24_Cream,,,,,,,,,,,,,Combo,
Storage_Box_white_3,CSTE_0530_Organizer_Storage_Grid_24_Cream,CSTE_0530_Organizer_Storage_Grid_24_Cream,CSTE_0530_Organizer_Storage_Grid_24_Cream,,,,,,,,,,,,Combo,
Storage_Box_white_4,CSTE_0530_Organizer_Storage_Grid_24_Cream,CSTE_0530_Organizer_Storage_Grid_24_Cream,CSTE_0530_Organizer_Storage_Grid_24_Cream,CSTE_0530_Organizer_Storage_Grid_24_Cream,CSTE_0530_Organizer_Storage_Grid_24_Cream,,,,,,,,,,Combo,
Sua3yudG,,,,,,,,,,,,,,,,
t9D3DedR,,,,,,,,,,,,,,,,
tGVw8UKS,,,,,,,,,,,,,,,,
tlmbwidS,,,,,,,,,,,,,,,,
tM8wTlgN,,,,,,,,,,,,,,,,
tpHKDoHW,,,,,,,,,,,,,,,,
travel_organizer_black_map,CSTE_0311_Organizer_Travel_Black,,,,,,,,,,,,,,,
travel_organizer_blue_map,CSTE_0309_Organizer_Travel_LightBlue,,,,,,,,,,,,,,,
travel_organizer_grey_map,CSTE_0310_Organizer_Travel_Grey,,,,,,,,,,,,,,,
Trunkin Dragon Ball Z Krillin Bobblehead Figurine,,,,,,,,,,,,,,,,
Tshirt(M)_fog_gulal_ballons,,,,,,,,,,,,,,,,
tUkIzJyT,,,,,,,,,,,,,,,,
txSprf07,,,,,,,,,,,,,,,,
tzObac-p,,,,,,,,,,,,,,,,
U5QGCUM6,,,,,,,,,,,,,,,,
uA9unlNT,,,,,,,,,,,,,,,,
un8rp7De,,,,,,,,,,,,,,,,
Unicorn Headphones,,,,,,,,,,,,,,,,
Unicorn Yellow,,,,,,,,,,,,,,,,
Unicorn_SlingBag_PapaHug,,,,,,,,,,,,,,,,
UpuXBhnT,,,,,,,,,,,,,,,,
v92JyL-F,,,,,,,,,,,,,,,,
Van Bts Soft Toy Full Body,CSTE_O0423_OT_Standing_Doll_Van,,,,,,,,,,,,,,,
van pillow white green,CSTE_0006_ST_Bts_Pillow_Van,,,,,,,,,,,,,,,
van pillow white green,CSTE_0006_ST_Bts_Pillow_Van,,,,,,,,,,,,,,,
Van_Mang_Combo,CSTE_0006_ST_Bts_Pillow_Van,CSTE_0004_ST_Bts_Pillow_Mang,,,,,,,,,,,,,Combo,
veCbsNSF,,,,,,,,,,,,,,,,
VhyvY6Bj,,,,,,,,,,,,,,,,
CSTE_0360_Wands_Snape_Light,CSTE_0360_Wands_Snape_Light,,,,,,,,,,,,,,,
vsRLpdYF,,,,,,,,,,,,,,,,
vUcsmn5I,,,,,,,,,,,,,,,,
Fireglass_Green_Map,CSTE_0157_SG_FireGlass_Green,,,,,,,,,,,,,,,
vyvdDz0C,,,,,,,,,,,,,,,,
W6Od8DYQ,,,,,,,,,,,,,,,,
W8-dEd60,,,,,,,,,,,,,,,,
Wands_Stand_HP,CSTE_0408_Wands_Stand_Metal,CSTE_0294_OT_Harrypotter_new_wand,,,,,,,,,,,,,Combo,
Water_balloon,,,,,,,,,,,,,,,,
Water_balloon2,,,,,,,,,,,,,,,,
Water_balloon3,,,,,,,,,,,,,,,,
WD-SPINER-01,,,,,,,,,,,,,,,,
wFnnbezl,,,,,,,,,,,,,,,,
wFpGaRgf,,,,,,,,,,,,,,,,
Wi88gb-T,,,,,,,,,,,,,,,,
wUcIUwU1,,,,,,,,,,,,,,,,
wUl5HlAi,,,,,,,,,,,,,,,,
wvipjuoW,,,,,,,,,,,,,,,,
X_f0TB5O,,,,,,,,,,,,,,,,
x1Um3ffy,,,,,,,,,,,,,,,,
CSTE_O0446_OT_Glue_Sand_Rubber_Pig,CSTE_O0446_OT_Glue_Sand_Rubber_Pig,,,,,,,,,,,,,,,
CSTE_O0445_OT_Glue_Sand_Rubber_Monkey,CSTE_O0445_OT_Glue_Sand_Rubber_Monkey,,,,,,,,,,,,,,,
CSTE_O0442_OT_Squeeze_White,CSTE_O0442_OT_Squeeze_White,,,,,,,,,,,,,,,
CSTE_O0444_OT_Squeeze_Purple,CSTE_O0444_OT_Squeeze_Purple,,,,,,,,,,,,,,,
CSTE_O0443_OT_Squeeze_Yellow,CSTE_O0443_OT_Squeeze_Yellow,,,,,,,,,,,,,,,
XAN7KSs7,,,,,,,,,,,,,,,,
CSTE_0545_ST_Animal_Breathing_Dog_B_2,CSTE_0545_ST_Animal_Breathing_Dog_Brown,,,,,,,,,,,,,,,
CSTE_0545_ST_Animal_Breathing_Dog_Brown,CSTE_0545_ST_Animal_Breathing_Dog_Brown,,,,,,,,,,,,,,,
CSTE_0541_ST_Animal_Breathing_Fox,CSTE_0541_ST_Animal_Breathing_Fox,,,,,,,,,,,,,,,
CSTE_0540_ST_Animal_Breathing_Stich_Pink,CSTE_0540_ST_Animal_Breathing_Stich_Pink,,,,,,,,,,,,,,,
CSTE_0533_ST_Animal_Breathing_koala_Grey,CSTE_0533_ST_Animal_Breathing_koala_Grey,,,,,,,,,,,,,,,
xBGeIzAF,,,,,,,,,,,,,,,,
CSTE_0536_ST_Animal_Breathing_lamb_White,CSTE_0536_ST_Animal_Breathing_lamb_White,,,,,,,,,,,,,,,
CSTE_0535_ST_Animal_Breathing_lamb_P,CSTE_0535_ST_Animal_Breathing_lamb_Pink,,,,,,,,,,,,,,,
XSFS1T24,,,,,,,,,,,,,,,,
xUa6HWto,,,,,,,,,,,,,,,,
Y0Qh_pri,,,,,,,,,,,,,,,,
Y8Odjj6q,,,,,,,,,,,,,,,,
ybtuZ0o1,,,,,,,,,,,,,,,,
CSTE_0537_ST_Animal_Breathing_capyBara_1,CSTE_0537_ST_Animal_Breathing_capyBara_pink,,,,,,,,,,,,,,,
CSTE_0542_ST_Animal_Breathing_Lucifer_C,CSTE_0542_ST_Animal_Breathing_Lucifer_Cat,,,,,,,,,,,,,,,
yeItgVbV,,,,,,,,,,,,,,,,
CSTE_0535_ST_Animal_Breathing_lamb_P_2,CSTE_0535_ST_Animal_Breathing_lamb_Pink,,,,,,,,,,,,,,,
CSTE_0540_ST_Animal_Breathing_Stich_P_2,CSTE_0540_ST_Animal_Breathing_Stich_Pink,,,,,,,,,,,,,,,
CSTE_0544_ST_Animal_Breathing_Sloth_Grey,CSTE_0544_ST_Animal_Breathing_Sloth_Grey,,,,,,,,,,,,,,,
CSTE_0543_ST_Animal_Breathing_S_Rabbit,CSTE_0543_ST_Animal_Breathing_S_Rabbit,,,,,,,,,,,,,,,
YPvL_Lyw,,,,,,,,,,,,,,,,
CSTE_0532_ST_Animal_Breathing_rabbit,CSTE_0532_ST_Animal_Breathing_rabbit,,,,,,,,,,,,,,,
Z4KKyd66,,,,,,,,,,,,,,,,
CSTE_0481_ST_Animal_Cow_Plush_Cloths,CSTE_0481_ST_Animal_Cow_Plush_Cloths,,,,,,,,,,,,,,,
CSTE_0469_ST_Pokemon_Charizard,CSTE_0469_ST_Pokemon_Charizard,,,,,,,,,,,,,,,
Z4N-daxe,,,,,,,,,,,,,,,,
zBLqN0Yo,,,,,,,,,,,,,,,,
ZFGsm_Ur,,,,,,,,,,,,,,,,
CSTE_0546_ST_Animal_Lucifer_Cat_Black,CSTE_0546_ST_Animal_Lucifer_Cat_Black,,,,,,,,,,,,,,,
CSTE_0538_ST_Animal_Penguin_Yellow,CSTE_0538_ST_Animal_Penguin_Yellow,,,,,,,,,,,,,,,
CSTE_0539_ST_Animal_Penguin_Green,CSTE_0539_ST_Animal_Penguin_Green,,,,,,,,,,,,,,,
ZmPs3WaW,,,,,,,,,,,,,,,,
zpWBbWWO,,,,,,,,,,,,,,,,
ZUgy3pdR,,,,,,,,,,,,,,,,
zUNT6NLS,,,,,,,,,,,,,,,,
ZzvdKnku,,,,,,,,,,,,,,,,
CSTE_0143_SG_Oval01_Black,CSTE_0143_SG_Oval01_Black,,,,,,,,,,,,,,,
CSTE_0174_SG_Oval_Red,CSTE_0174_SG_Oval_Red,,,,,,,,,,,,,,,
CSTE_0226_SG_Square/Big_Black,CSTE_0226_SG_Square/Big_Black,,,,,,,,,,,,,,,
CSTE_0172_SG_Square_Purple,CSTE_0172_SG_Square_Purple,,,,,,,,,,,,,,,
CSTE_0169_SG_Sqaure_Creame,CSTE_0169_SG_Sqaure_Creame,,,,,,,,,,,,,,,
CSTE_0184_SG_Sqaure_small_TigerPrint_1,CSTE_0184_SG_Sqaure/small_TigerPrint,,,,,,,,,,,,,,,
CSTE_0225_SG_Square/Big_TigerPrint,CSTE_0225_SG_Square/Big_TigerPrint,,,,,,,,,,,,,,,
Nit-v-Combo_Box_05,CSTE_0020_MB_HP_Black,CSTE_0020_MB_HP_Black,,,,,,,,,,,,,Combo,
thuglife_smallcombo,CSTE_0217_SG_ThugLife_Thin,CSTE_0217_SG_ThugLife_Thin,,,,,,,,,,,,,Combo,
BIGSMALL_TL,CSTE_0217_SG_ThugLife_Thin,CSTE_0218_SG_ThugLife_Big,,,,,,,,,,,,,Combo,
Swaddle_3,CSTE_0364_Swaddle_Unicorn_Print,CSTE_0364_Swaddle_Unicorn_Print,CSTE_0364_Swaddle_Unicorn_Print,,,,,,,,,,,,Combo,
Swaddle_5,CSTE_0364_Swaddle_Unicorn_Print,CSTE_0364_Swaddle_Unicorn_Print,CSTE_0364_Swaddle_Unicorn_Print,CSTE_0364_Swaddle_Unicorn_Print,CSTE_0364_Swaddle_Unicorn_Print,,,,,,,,,,Combo,
Swaddle_4,CSTE_0364_Swaddle_Unicorn_Print,CSTE_0364_Swaddle_Unicorn_Print,CSTE_0364_Swaddle_Unicorn_Print,CSTE_0364_Swaddle_Unicorn_Print,,,,,,,,,,,Combo,
Playful_Swaddles_4,CSTE_0364_Swaddle_Unicorn_Print,CSTE_0364_Swaddle_Unicorn_Print,CSTE_0364_Swaddle_Unicorn_Print,CSTE_0364_Swaddle_Unicorn_Print,,,,,,,,,,,Combo,
Swaddles_Pack4,CSTE_0364_Swaddle_Unicorn_Print,CSTE_0364_Swaddle_Unicorn_Print,CSTE_0364_Swaddle_Unicorn_Print,CSTE_0364_Swaddle_Unicorn_Print,,,,,,,,,,,Combo,
Swaddles_Pack5,CSTE_0364_Swaddle_Unicorn_Print,CSTE_0364_Swaddle_Unicorn_Print,CSTE_0364_Swaddle_Unicorn_Print,CSTE_0364_Swaddle_Unicorn_Print,CSTE_0364_Swaddle_Unicorn_Print,,,,,,,,,,Combo,
Swaddles_Pack3,CSTE_0364_Swaddle_Unicorn_Print,CSTE_0364_Swaddle_Unicorn_Print,CSTE_0364_Swaddle_Unicorn_Print,,,,,,,,,,,,Combo,
Swaddles_Pack4,CSTE_0364_Swaddle_Unicorn_Print,CSTE_0364_Swaddle_Unicorn_Print,CSTE_0364_Swaddle_Unicorn_Print,CSTE_0364_Swaddle_Unicorn_Print,,,,,,,,,,,Combo,
Swaddles_Pack5,CSTE_0364_Swaddle_Unicorn_Print,CSTE_0364_Swaddle_Unicorn_Print,CSTE_0364_Swaddle_Unicorn_Print,CSTE_0364_Swaddle_Unicorn_Print,CSTE_0364_Swaddle_Unicorn_Print,,,,,,,,,,Combo,
Swaddles_pack3,CSTE_0364_Swaddle_Unicorn_Print,CSTE_0364_Swaddle_Unicorn_Print,CSTE_0364_Swaddle_Unicorn_Print,,,,,,,,,,,,Combo,
Swaddles_Pack4,CSTE_0364_Swaddle_Unicorn_Print,CSTE_0364_Swaddle_Unicorn_Print,CSTE_0364_Swaddle_Unicorn_Print,CSTE_0364_Swaddle_Unicorn_Print,,,,,,,,,,,Combo,
Swaddles_Pack5,CSTE_0364_Swaddle_Unicorn_Print,CSTE_0364_Swaddle_Unicorn_Print,CSTE_0364_Swaddle_Unicorn_Print,CSTE_0364_Swaddle_Unicorn_Print,CSTE_0364_Swaddle_Unicorn_Print,,,,,,,,,,Combo,
Swaddles_Pack3,CSTE_0364_Swaddle_Unicorn_Print,CSTE_0364_Swaddle_Unicorn_Print,CSTE_0364_Swaddle_Unicorn_Print,,,,,,,,,,,,Combo,
Swaddles_Pack5,CSTE_0364_Swaddle_Unicorn_Print,CSTE_0364_Swaddle_Unicorn_Print,CSTE_0364_Swaddle_Unicorn_Print,CSTE_0364_Swaddle_Unicorn_Print,CSTE_0364_Swaddle_Unicorn_Print,,,,,,,,,,Combo,
Swaddles_Pack4,CSTE_0364_Swaddle_Unicorn_Print,CSTE_0364_Swaddle_Unicorn_Print,CSTE_0364_Swaddle_Unicorn_Print,CSTE_0364_Swaddle_Unicorn_Print,,,,,,,,,,,Combo,
Swaddles_pack3,CSTE_0364_Swaddle_Unicorn_Print,CSTE_0364_Swaddle_Unicorn_Print,CSTE_0364_Swaddle_Unicorn_Print,,,,,,,,,,,,Combo,
StorageBox_5,CSTE_0397_Organizer_StorageBox_Blue,CSTE_0397_Organizer_StorageBox_Blue,CSTE_0397_Organizer_StorageBox_Blue,CSTE_0397_Organizer_StorageBox_Blue,CSTE_0397_Organizer_StorageBox_Blue,,,,,,,,,,Combo,
StorageBox_3,CSTE_0397_Organizer_StorageBox_Blue,CSTE_0397_Organizer_StorageBox_Blue,CSTE_0397_Organizer_StorageBox_Blue,,,,,,,,,,,,Combo,
StorageBox_4,CSTE_0397_Organizer_StorageBox_Blue,CSTE_0397_Organizer_StorageBox_Blue,CSTE_0397_Organizer_StorageBox_Blue,CSTE_0397_Organizer_StorageBox_Blue,,,,,,,,,,,Combo,
Caaju_Compression_Travelkit_Cream,CSTE_0429_Org_Compression_Kit_Cream,CSTE_O0390_OT_Toiletry_Bottles,,,,,,,,,,,,,Combo,
Caaju_Compression_Travelkit_Blue,CSTE_0430_Org_Compression_Kit_Blue,CSTE_O0390_OT_Toiletry_Bottles,,,,,,,,,,,,,Combo,
Caaju_6pc_travelkit_Pink,CSTE_0424_Org_6Pcs_Travel_Pink,CSTE_O0390_OT_Toiletry_Bottles,,,,,,,,,,,,,Combo,
Caaju_6pc_travelkit_Red,CSTE_0425_Org_6Pcs_Travel_Red,CSTE_O0390_OT_Toiletry_Bottles,,,,,,,,,,,,,Combo,
Caaju_6pc_travelkit_Maroon,CSTE_0428_Org_6Pcs_Travel_Maroon,CSTE_O0390_OT_Toiletry_Bottles,,,,,,,,,,,,,Combo,
Compression_kit_blk,CSTE_0474_Organizer_Compression_Kit_Black,CSTE_O0390_OT_Toiletry_Bottles,,,,,,,,,,,,,Combo,
CSTE_0502_ST_Minecraft_Pickaxe_Foam,CSTE_0502_ST_Minecraft_Pickaxe_Foam,CSTE_0471_ST_Minecraft_Sword_Big,,,,,,,,,,,,,Combo,
Caaju_DS_Clipe_Rope_Pack2,CSTE_AMZ001_OT_Clip_Rope,CSTE_AMZ001_OT_Clip_Rope,,,,,,,,,,,,,Combo,
clip rope pack of 2,CSTE_AMZ001_OT_Clip_Rope,CSTE_AMZ001_OT_Clip_Rope,,,,,,,,,,,,,Combo,
cliperope_packof2,CSTE_AMZ001_OT_Clip_Rope,CSTE_AMZ001_OT_Clip_Rope,,,,,,,,,,,,,Combo,
nylon _ rope 02,CSTE_AMZ002_OT_Rope_Nylon,CSTE_AMZ002_OT_Rope_Nylon,,,,,,,,,,,,,Combo,
nylon_rope_3,CSTE_AMZ002_OT_Rope_Nylon,CSTE_AMZ002_OT_Rope_Nylon,CSTE_AMZ002_OT_Rope_Nylon,,,,,,,,,,,,Combo,
PILLOW_PACK3,CSTE_O0043_OT_CushionFiller,CSTE_O0043_OT_CushionFiller,CSTE_O0043_OT_CushionFiller,,,,,,,,,,,,Combo,
PILLOW_PACK5,CSTE_O0043_OT_CushionFiller,CSTE_O0043_OT_CushionFiller,CSTE_O0043_OT_CushionFiller,CSTE_O0043_OT_CushionFiller,CSTE_O0043_OT_CushionFiller,,,,,,,,,,Combo,
PILLOW_PACK-4,CSTE_O0043_OT_CushionFiller,CSTE_O0043_OT_CushionFiller,CSTE_O0043_OT_CushionFiller,CSTE_O0043_OT_CushionFiller,,,,,,,,,,,Combo,
PILLOW_PACKOF2,CSTE_O0043_OT_CushionFiller,CSTE_O0043_OT_CushionFiller,,,,,,,,,,,,,Combo,
PILLOW_PACK4,CSTE_O0043_OT_CushionFiller,CSTE_O0043_OT_CushionFiller,CSTE_O0043_OT_CushionFiller,CSTE_O0043_OT_CushionFiller,,,,,,,,,,,Combo,
PILLOW_PACK2,CSTE_O0043_OT_CushionFiller,CSTE_O0043_OT_CushionFiller,,,,,,,,,,,,,Combo,
PILLOW_PACK3,CSTE_O0043_OT_CushionFiller,CSTE_O0043_OT_CushionFiller,CSTE_O0043_OT_CushionFiller,,,,,,,,,,,,Combo,
PILLOW_PACK4,CSTE_O0043_OT_CushionFiller,CSTE_O0043_OT_CushionFiller,CSTE_O0043_OT_CushionFiller,CSTE_O0043_OT_CushionFiller,,,,,,,,,,,Combo,
PILLOW_PACK2,CSTE_O0043_OT_CushionFiller,CSTE_O0043_OT_CushionFiller,,,,,,,,,,,,,Combo,
White_cushion fillers_5P,CSTE_O0043_OT_CushionFiller,CSTE_O0043_OT_CushionFiller,CSTE_O0043_OT_CushionFiller,CSTE_O0043_OT_CushionFiller,CSTE_O0043_OT_CushionFiller,,,,,,,,,,Combo,
PILLOW_PACK2,CSTE_O0043_OT_CushionFiller,CSTE_O0043_OT_CushionFiller,,,,,,,,,,,,,Combo,
PILLOW_PACK5,CSTE_O0043_OT_CushionFiller,CSTE_O0043_OT_CushionFiller,CSTE_O0043_OT_CushionFiller,CSTE_O0043_OT_CushionFiller,CSTE_O0043_OT_CushionFiller,,,,,,,,,,Combo,
FLY_PENCIL_6_SET_MULTI,CSTE_O0061_OT_FlyingPencilSet_Blue,CSTE_O0061_OT_FlyingPencilSet_Blue,CSTE_O0061_OT_FlyingPencilSet_Blue,CSTE_O0061_OT_FlyingPencilSet_Blue,CSTE_O0061_OT_FlyingPencilSet_Blue,CSTE_O0061_OT_FlyingPencilSet_Blue,,,,,,,,,Combo,
Nit-v-Combo_Box_06,CSTE_0020_MB_HP_Black,CSTE_0014_MB_HBD_Brown,,,,,,,,,,,,,Combo,
Nit-v-Combo_Box_04,CSTE_0020_MB_HP_Black,CSTE_0024_MB_BeautyandBeast_Brown,,,,,,,,,,,,,Combo,
Nit-v-Combo_Box_03,CSTE_0043_MB_Lalaland_Brown,CSTE_0024_MB_BeautyandBeast_Brown,,,,,,,,,,,,,Combo,
Nit-v-Combo_Box_02,CSTE_0043_MB_Lalaland_Brown,CSTE_0014_MB_HBD_Brown,,,,,,,,,,,,,Combo,
CTLG-01,CSTE_0217_SG_ThugLife_Thin,CSTE_0218_SG_ThugLife_Big,,,,,,,,,,,,,Combo,
CTLG-02,CSTE_0217_SG_ThugLife_Thin,CSTE_0217_SG_ThugLife_Thin,,,,,,,,,,,,,Combo,
Caaju_Storagebox_Blue_2pk,CSTE_0397_Organizer_StorageBox_Blue,CSTE_0397_Organizer_StorageBox_Blue,,,,,,,,,,,,,Combo,
Caaju_Storagebox_Blue_3pk,CSTE_0397_Organizer_StorageBox_Blue,CSTE_0397_Organizer_StorageBox_Blue,CSTE_0397_Organizer_StorageBox_Blue,,,,,,,,,,,,Combo,
Caaju_Storagebox_Blue_4pk,CSTE_0397_Organizer_StorageBox_Blue,CSTE_0397_Organizer_StorageBox_Blue,CSTE_0397_Organizer_StorageBox_Blue,CSTE_0397_Organizer_StorageBox_Blue,,,,,,,,,,,Combo,
Caaju_Storagebox_Blue_5pk,CSTE_0397_Organizer_StorageBox_Blue,CSTE_0397_Organizer_StorageBox_Blue,CSTE_0397_Organizer_StorageBox_Blue,CSTE_0397_Organizer_StorageBox_Blue,CSTE_0397_Organizer_StorageBox_Blue,,,,,,,,,,Combo,
Caaju_Storagebox_Blue_6pk,CSTE_0397_Organizer_StorageBox_Blue,CSTE_0397_Organizer_StorageBox_Blue,CSTE_0397_Organizer_StorageBox_Blue,CSTE_0397_Organizer_StorageBox_Blue,CSTE_0397_Organizer_StorageBox_Blue,CSTE_0397_Organizer_StorageBox_Blue,,,,,,,,,Combo,
Caaju_26Lstoragebox_grey_2pk,CSTE_0409_Orgn_Storage_26Ltr_Grey,CSTE_0409_Orgn_Storage_26Ltr_Grey,,,,,,,,,,,,,Combo,
Caaju_26Lstoragebox_grey_3pk,CSTE_0409_Orgn_Storage_26Ltr_Grey,CSTE_0409_Orgn_Storage_26Ltr_Grey,CSTE_0409_Orgn_Storage_26Ltr_Grey,,,,,,,,,,,,Combo,
Caaju_26Lstoragebox_grey_4pk,CSTE_0409_Orgn_Storage_26Ltr_Grey,CSTE_0409_Orgn_Storage_26Ltr_Grey,CSTE_0409_Orgn_Storage_26Ltr_Grey,CSTE_0409_Orgn_Storage_26Ltr_Grey,,,,,,,,,,,Combo,
Caaju_24grid_Beige_2pk,CSTE_0530_Organizer_Storage_Grid_24_Cream,CSTE_0530_Organizer_Storage_Grid_24_Cream,,,,,,,,,,,,,Combo,
Caaju_24grid_Grey_2pk,CSTE_0529_Organizer_Storage_Grid_24_Grey,CSTE_0529_Organizer_Storage_Grid_24_Grey,,,,,,,,,,,,,Combo,
XEXY_0001_Accs_Bamboo_Socks_Pink_2Pack,XEXY_0001_Accs_Bamboo_Xocks_Pink,XEXY_0001_Accs_Bamboo_Xocks_Pink,,,,,,,,,,,,,Combo,
XEXY_0001_Accs_Bamboo_Socks_Pink_3Pack,XEXY_0001_Accs_Bamboo_Xocks_Pink,XEXY_0001_Accs_Bamboo_Xocks_Pink,XEXY_0001_Accs_Bamboo_Xocks_Pink,,,,,,,,,,,,Combo,
XEXY_0001_Accs_Bamboo_Socks_Pink_6Pack,XEXY_0001_Accs_Bamboo_Xocks_Pink,XEXY_0001_Accs_Bamboo_Xocks_Pink,XEXY_0001_Accs_Bamboo_Xocks_Pink,XEXY_0001_Accs_Bamboo_Xocks_Pink,XEXY_0001_Accs_Bamboo_Xocks_Pink,XEXY_0001_Accs_Bamboo_Xocks_Pink,,,,,,,,,Combo,